bottom_decile_mae,bottom_decile_n,bottom_decile_pearson,bottom_decile_r2,bottom_decile_rmse,bottom_decile_spearman,cfg_alpha,cfg_evalset,cfg_k,cfg_model,cfg_n,cfg_seed,cfg_split,overall_mae,overall_n,overall_pearson,overall_r2,overall_rmse,overall_spearman,p_at_10,p_at_100,testset_fingerprint,timestamp,top_decile_mae,top_decile_n,top_decile_pearson,top_decile_r2,top_decile_rmse,top_decile_spearman
7.047855200232925,999,0.025370338435383652,-1920.7346698886195,7.060647694285169,0.0272940777269075,100.0,primary,6,ridge,100,0,cluster,3.7360015033338048,9982,0.3905637689135876,0.04245456140769921,4.273093246434192,0.3918832815142462,0.0,0.02,ea388e031060bbe3,2026-09-04T15:58:00,5.228085777542374,999,0.08604640227492455,-112.27947454579896,5.264953889120006,0.08637866776422916
8.02983543186065,6124,0.045758993078101835,-319.58101428378166,8.050466326515377,0.045291242985894646,100.0,native,6,ridge,100,0,cluster,4.482916356358311,61236,0.2693375741891973,-0.347971563752115,5.103445422511862,0.2592200448382137,0.0,0.0,68cda4d61f05813a,2026-09-04T15:58:00,5.248625620372306,6124,0.0618603833383087,-26.521078217486814,5.359796220657839,0.05730971208210065
7.423520968536312,801,0.047090048087351254,-209.55683175751946,7.450518781991739,0.03896934885964717,100.0,spikein,6,ridge,100,0,cluster,3.4805567426488793,8004,0.402663746802986,-0.024116897929543857,4.1332345938076145,0.4019343600191472,0.0,0.03,96d59b38a7067b29,2026-09-04T15:58:00,4.588500786065758,801,0.13900173943585675,-57.03473489714223,4.639762396299524,0.13901428625892134
7.461106857201667,1007,0.05130469819881543,-50.32773048426425,7.542621479584279,0.0623435958425517,100.0,secondary,6,ridge,100,0,cluster,3.5250063393101096,10000,0.3112976511851099,0.05264780362948007,4.1611287341904974,0.3101832790123467,0.0,0.05,ff4dbe9a466e65d2,2026-09-04T15:58:00,5.78318867245327,1132,0.04192276061506059,-84.14792350573738,5.83328595634983,0.04256936852384423
6.333676134979164,999,-0.02729327511072023,-1547.5885407420867,6.338198699395317,-0.017140334775076684,316.22776601683796,primary,6,ridge,100,1,cluster,3.8215902758681257,9982,0.42868747353900066,0.03654279771688529,4.286263716489622,0.4261115535259682,0.0,0.05,ea388e031060bbe3,2026-09-04T15:58:00,6.236673188997103,999,0.007459699963005168,-159.1109460301035,6.259353378837084,0.02573973171568362
7.213056712630108,6124,0.04158519449979786,-257.4602661711469,7.228514093161672,0.03892367319027935,316.22776601683796,native,6,ridge,100,1,cluster,4.1912239400334625,61236,0.274321825865536,-0.15809899810425287,4.730379156154568,0.2577594363390605,0.0,0.01,68cda4d61f05813a,2026-09-04T15:58:00,6.277665653780034,6124,0.05219732840856893,-37.770985170225366,6.361638315562434,0.04246863628705727
6.697917886924803,801,0.0001325336028520023,-170.28703322160578,6.719919784073942,0.014610103953599147,316.22776601683796,spikein,6,ridge,100,1,cluster,3.477754516271071,8004,0.4409811397436574,0.030342735976070845,4.021836555691976,0.4368051942425942,0.0,0.07,96d59b38a7067b29,2026-09-04T15:58:00,5.6105599230743675,801,0.04811349739536392,-84.93557920933002,5.645965792592835,0.05081320574967077
6.69857961772511,1007,0.07055610469257714,-40.48772136138415,6.781192514408699,0.07851351339935364,316.22776601683796,secondary,6,ridge,100,1,cluster,3.6455619716152547,10000,0.36054840834800406,0.0019518203641468723,4.271015742319826,0.36024595192361153,0.0,0.1,ff4dbe9a466e65d2,2026-09-04T15:58:00,6.762145091282605,1132,0.08775885733328845,-114.47456957489692,6.793121965599473,0.0919796140417728
7.135029249721104,999,0.044015880284074174,-1963.6005761268768,7.138960235215081,0.05581441578596959,316.22776601683796,primary,6,ridge,100,2,cluster,3.789165446942661,9982,0.4592962312094002,0.018789107912849046,4.325575077877318,0.46095160573937627,0.0,0.06,ea388e031060bbe3,2026-09-04T15:58:00,5.364076042557144,999,0.05219689430910058,-117.74831924575223,5.390545234033379,0.0726435814572087
8.054728660810751,6124,0.02980831190284017,-321.04808763841396,8.06886595518643,0.020600879179228402,316.22776601683796,native,6,ridge,100,2,cluster,4.492655257927885,61236,0.39409713537126834,-0.3513034743998398,5.109748867563566,0.3685250945207235,0.0,0.03,68cda4d61f05813a,2026-09-04T15:58:00,5.2582949227869396,6124,0.12904028233995757,-26.549607205983822,5.362573545671096,0.10357140200547016
7.513316298431523,801,0.02645440271770223,-214.23218936101068,7.532783004581423,0.02608074850327365,316.22776601683796,spikein,6,ridge,100,2,cluster,3.5276249528474835,8004,0.4753040655061477,-0.04655339194271013,4.178265033061698,0.4749191652477115,0.0,0.07,96d59b38a7067b29,2026-09-04T15:58:00,4.734023253718267,801,0.0771779865575818,-60.49569536447633,4.776107537021814,0.09093203321284803
7.507527375040722,1007,0.07523925373136334,-50.85732384748549,7.5814335535355255,0.08056595267997643,316.22776601683796,secondary,6,ridge,100,2,cluster,3.557707155750692,10000,0.3889653861945453,0.03796606807447833,4.193248631378354,0.3878240695306265,0.0,0.03,ff4dbe9a466e65d2,2026-09-04T15:58:00,5.896200716706131,1132,0.05667528932152445,-87.08967725173706,5.9331966855711675,0.04211220628554767
6.8478561102806985,999,0.03803205581763193,-1808.2713297317405,6.850932364733334,0.027557349180860356,1000.0,primary,6,ridge,300,0,cluster,3.788551235970455,9982,0.5568625842292108,0.035838525430815116,4.287830026485311,0.5633415200101954,0.0,0.04,ea388e031060bbe3,2026-09-04T15:58:00,5.67197051253524,999,0.07926506746913314,-131.53829803629978,5.694946567901299,0.09666501199595892
7.752116035947812,6124,0.10155858171071706,-297.28763805991537,7.765506116245519,0.10049182354152636,1000.0,native,6,ridge,300,0,cluster,4.386156122040416,61236,0.3491834405779096,-0.27718571516005786,4.9676402311087955,0.3358413584649555,0.0,0.0,68cda4d61f05813a,2026-09-04T15:58:00,5.719727023452968,6124,0.01567149858512931,-31.362955531437606,5.812187874210917,0.015019372523367915
7.213665225123347,801,0.04921213136319726,-197.42866803719411,7.23275999069632,0.0562534797866462,1000.0,spikein,6,ridge,300,0,cluster,3.4962445179867125,8004,0.57159645718181,-0.007763462739192484,4.100101366782777,0.5741453101072875,0.0,0.07,96d59b38a7067b29,2026-09-04T15:58:00,5.047269721156202,801,0.11826292130358622,-68.68843622375168,5.084310883773066,0.1378905973472837
7.218877382273115,1007,0.06892467619568951,-47.015468631209245,7.295194387634931,0.07589794027003191,1000.0,secondary,6,ridge,300,0,cluster,3.5717905981525777,10000,0.4725956034823834,0.03568818643437255,4.198210034687136,0.4760950046119066,0.0,0.11,ff4dbe9a466e65d2,2026-09-04T15:58:00,6.19871194371065,1132,0.05500949185148353,-96.20339272111589,6.232566884376947,0.043216850290487864
6.367631672261594,999,-0.009662751360375406,-1583.8369584741922,6.411949962772095,-0.02245870720419818,100.0,primary,6,ridge,300,1,cluster,3.4382209311002625,9982,0.5534211099818839,0.18370828177021647,3.945348481704519,0.560926763938862,0.0,0.08,ea388e031060bbe3,2026-09-04T15:58:00,4.675955234943806,999,0.043362379021602934,-92.83506295594837,4.79183145332209,0.06673377987205642
6.79517079307538,6124,0.08328842129060027,-230.50577871975977,6.841212121009609,0.07782073518834078,100.0,native,6,ridge,300,1,cluster,4.013594412441939,61236,0.30113327616215513,-0.07389215068198474,4.5551579780721765,0.2923171569554749,0.0,0.0,68cda4d61f05813a,2026-09-04T15:58:01,6.057735205241701,6124,-0.014232805390657723,-36.00326365672396,6.21492040409489,-0.003162715460776439
6.729686553595813,801,0.03784957642813527,-173.70951849037104,6.7867230756091725,0.01727781446009166,100.0,spikein,6,ridge,300,1,cluster,3.1814795117573937,8004,0.5684968253303095,0.13370328651468122,3.8014442261047177,0.5735439627183176,0.0,0.1,96d59b38a7067b29,2026-09-04T15:58:01,3.962156801783339,801,0.07743563990175768,-44.34463414248092,4.1012353249513325,0.08611647379678143
6.835528325877692,1007,0.06176011944652739,-42.586766836430904,6.9506210334997185,0.07197939265475314,100.0,secondary,6,ridge,300,1,cluster,3.287701858948171,10000,0.47440064835952606,0.16693210710545725,3.9020750412833474,0.47768798555043646,0.0,0.11,ff4dbe9a466e65d2,2026-09-04T15:58:01,5.31941847708537,1132,0.09342660748147774,-73.1498676210792,5.443540094346108,0.08572215297083392
7.16081887334436,999,0.06668730171039224,-1976.6487023016055,7.162628124700574,0.07519956203562633,100000.0,primary,6,ridge,300,2,cluster,3.872670481938729,9982,0.5764446611585169,-0.016267395619841363,4.4021685864443025,0.58196688559446,0.0,0.1,ea388e031060bbe3,2026-09-04T15:58:01,5.677318858432102,999,0.07622738631063149,-131.7184499849827,5.698815665900232,0.09024425767239343
8.131932299141681,6124,0.047224473177701426,-327.10176478118564,8.144349861768914,0.04119335899344259,100000.0,native,6,ridge,300,2,cluster,4.554190363361228,61236,0.43389042907169917,-0.38330007911457975,5.1698900902577885,0.4014462043651202,0.0,0.05,68cda4d61f05813a,2026-09-04T15:58:01,5.509404604610939,6124,0.09810514675381303,-29.078470558868577,5.603294262663679,0.07549926004579312
7.5272134286857275,801,0.06398877703172012,-214.9136851955196,7.544699212471074,0.0737101995527178,100000.0,spikein,6,ridge,300,2,cluster,3.596487890763291,8004,0.5949825622854572,-0.0749230211154639,4.23451788631392,0.5957783975424035,0.1,0.1,96d59b38a7067b29,2026-09-04T15:58:01,5.070633104826776,801,0.13576603369298207,-69.31309032745244,5.107046725277228,0.15639933209794082
7.5036157998066795,1007,0.12322855407613974,-50.797886999792865,7.57708753573322,0.10924493101860613,100000.0,secondary,6,ridge,300,2,cluster,3.635417061470449,10000,0.4998316988369105,0.00040008742189856505,4.274334671162094,0.505896264197913,0.0,0.11,ff4dbe9a466e65d2,2026-09-04T15:58:01,6.188223883456982,1132,0.08766665134765164,-95.82460187466035,6.220411219362837,0.07045908407920681
6.023851013398385,999,0.03998918400490484,-1413.375735235152,6.057315961287844,0.04701642323686411,316.22776601683796,primary,6,ridge,1000,0,cluster,3.3399549370250536,9982,0.6626986237067681,0.23823136993985983,3.8113094898824325,0.6764199989272796,0.0,0.06,ea388e031060bbe3,2026-09-04T15:58:01,4.689016670555443,999,0.08728122883697159,-93.08427141849434,4.798190340356533,0.11225721111893455
6.709777523348382,6124,0.0812962910943841,-224.3528142481653,6.749686961033509,0.08078474514106534,316.22776601683796,native,6,ridge,1000,0,cluster,3.9035401849772606,61236,0.4878614761177822,-0.016733155590397564,4.432274021493613,0.46592547592749795,0.0,0.02,68cda4d61f05813a,2026-09-04T15:58:01,5.692199775161967,6124,0.06881232498816542,-31.753160187955807,5.847122066951735,0.05338370586160468
6.402832564529259,801,0.08033981952072868,-156.83934965081735,6.450739240648975,0.07611318146581113,316.22776601683796,spikein,6,ridge,1000,0,cluster,3.0571652868169656,8004,0.6834042455652806,0.20657588508733538,3.638044337900504,0.6932037941970173,0.0,0.14,96d59b38a7067b29,2026-09-04T15:58:01,3.973631180181039,801,0.1363216799594393,-44.40285609612571,4.103867448226671,0.15572872593796405
6.558840682025344,1007,0.08238639529305114,-39.12556502827874,6.668940813681066,0.09039718149832804,316.22776601683796,secondary,6,ridge,1000,0,cluster,3.216414913176,10000,0.5676102795240013,0.20653682301936394,3.8081917439220576,0.5774195272131522,0.0,0.12,ff4dbe9a466e65d2,2026-09-04T15:58:01,5.313490945964315,1132,0.07448223387306735,-72.84260335080256,5.432249840060782,0.06342960493176894
6.1320590659066125,999,0.054111129277289845,-1465.1455994612456,6.167176530927772,0.05136388091498311,316.22776601683796,primary,6,ridge,1000,1,cluster,3.3022127021436245,9982,0.6585251959620815,0.24496077142971295,3.7944377488883445,0.6706459233957233,0.0,0.08,ea388e031060bbe3,2026-09-04T15:58:01,4.379906365582654,999,0.07872266125153225,-82.33346747276866,4.515737469951753,0.10231835473444893
6.681044779253553,6124,0.0694963878990677,-222.57064765913125,6.722944575716598,0.0647599364425463,316.22776601683796,native,6,ridge,1000,1,cluster,3.8941719073938152,61236,0.4936912429178921,-0.011066812997497566,4.4199060405246655,0.472642907955686,0.0,0.0,68cda4d61f05813a,2026-09-04T15:58:01,5.672942062595325,6124,0.06045073795500141,-31.530355991587207,5.82720053245623,0.05947109492936671
6.525221758455819,801,0.06599798182608198,-163.00924568569857,6.575609449305118,0.05421343644633734,316.22776601683796,spikein,6,ridge,1000,1,cluster,3.051641131973249,8004,0.6763690202411514,0.19668292587160163,3.6606548984977954,0.6839734088624543,0.0,0.11,96d59b38a7067b29,2026-09-04T15:58:01,3.6433219540580533,801,0.13106041734563967,-37.98192367253647,3.8026238845056195,0.14556684132365713
6.697474966441626,1007,0.11291083468552664,-40.80160421906113,6.806796347118235,0.10565545610573306,316.22776601683796,secondary,6,ridge,1000,1,cluster,3.1686809110149743,10000,0.5654550255013815,0.22076343194246462,3.773897332914031,0.5731867383275016,0.0,0.13,ff4dbe9a466e65d2,2026-09-04T15:58:01,5.0349700046512345,1132,0.08811101631141052,-66.1982092759473,5.182091607253939,0.07861239749727124
5.952124510799442,999,0.07114097865800986,-1377.8553535453898,5.980771142149076,0.06247351158774004,316.22776601683796,primary,6,ridge,1000,2,cluster,3.3153955336325014,9982,0.6881328527818092,0.25138817502493616,3.7782528232606074,0.7024207970952142,0.0,0.1,ea388e031060bbe3,2026-09-04T15:58:01,4.6417352983782125,999,0.08222108901522131,-91.43676341690016,4.755994288137187,0.11032744200210465
6.717681551322108,6124,0.06255543896231229,-224.61761767651285,6.753651445575393,0.05746550879701532,316.22776601683796,native,6,ridge,1000,2,cluster,3.853202132860918,61236,0.579091610301742,0.005780706125773971,4.382926651700985,0.5656726310070743,0.0,0.05,68cda4d61f05813a,2026-09-04T15:58:01,5.292943203628336,6124,0.15305979373064021,-27.805836172711015,5.4834741316541775,0.1251024556238812
6.391169377071283,801,0.07009666022704944,-156.13667658260437,6.436364445109203,0.0626029729048166,316.22776601683796,spikein,6,ridge,1000,2,cluster,3.031786885326621,8004,0.7076013130741037,0.22053155202895758,3.6059073157353874,0.7170244529010078,0.0,0.13,96d59b38a7067b29,2026-09-04T15:58:01,3.9188559808385803,801,0.16197477729175072,-43.235604584612844,4.050771278087211,0.1777059925093633
6.523523314100392,1007,0.11816064879133194,-38.64419649392722,6.628817960083312,0.11585719768678836,316.22776601683796,secondary,6,ridge,1000,2,cluster,3.191254316185415,10000,0.5929285545098879,0.21851893221589513,3.779328559494203,0.6055878494060698,0.0,0.16,ff4dbe9a466e65d2,2026-09-04T15:58:01,5.283230268491873,1132,0.09026353436752177,-71.98920863375147,5.400768519403092,0.07601114754454222
5.151386355613923,999,0.06802654413763899,-1056.0961848165218,5.236668496423788,0.06308813422641077,316.22776601683796,primary,6,ridge,3000,0,cluster,2.8981621875311037,9982,0.7313595262895778,0.4020926365959375,3.376600069362775,0.750863053074146,0.0,0.14,ea388e031060bbe3,2026-09-04T15:58:01,3.570199695793358,999,0.10829468301001108,-60.876338820318026,3.891179484005038,0.14295341433617983
5.759201853170855,6124,0.09836150841990907,-167.53190972281948,5.837047258175344,0.10537253132179056,316.22776601683796,native,6,ridge,3000,0,cluster,3.4397918988347875,61236,0.6238211539315045,0.1921687241749559,3.9507854073593576,0.6105325842786624,0.0,0.04,68cda4d61f05813a,2026-09-04T15:58:01,5.100019806354829,6124,0.12130212651451616,-27.257811686817394,5.431062731371264,0.0938592380951931
5.6199059830548315,801,0.13559323928195025,-122.82623353036196,5.713578212888344,0.12503964807083415,316.22776601683796,spikein,6,ridge,3000,0,cluster,2.653361209198602,8004,0.7537203272748652,0.3708422520625525,3.2396274055324272,0.7685653957256248,0.0,0.19,96d59b38a7067b29,2026-09-04T15:58:01,2.774756266680847,801,0.18526946520728924,-25.535543061118272,3.137369919804919,0.1997613877291789
5.92613592307345,1007,0.12935434874067836,-32.476500802193776,6.091388663493839,0.13255382518648956,316.22776601683796,secondary,6,ridge,3000,0,cluster,2.886131392095983,10000,0.626061489687078,0.3385487496813563,3.4769971892301914,0.6404643588508707,0.0,0.16,ff4dbe9a466e65d2,2026-09-04T15:58:01,4.327675113829623,1132,0.09693188021521809,-53.11161798646032,4.650198545818792,0.08281886617922864
5.15891198388807,999,0.11140918952069587,-1056.6771599383521,5.238107323021391,0.11220596147249454,316.22776601683796,primary,6,ridge,3000,1,cluster,2.8773858362222526,9982,0.7316172186826098,0.40874894081506186,3.357752181824453,0.7502159481174856,0.0,0.12,ea388e031060bbe3,2026-09-04T15:58:01,3.513843568357023,999,0.10663858964369684,-59.9466990183329,3.861838014321579,0.1305775153911426
5.706133022610354,6124,0.0772240267498443,-164.88545674390812,5.791036402371767,0.07915205615029279,316.22776601683796,native,6,ridge,3000,1,cluster,3.406628055993847,61236,0.6296178578461995,0.20598654330794142,3.9168509080116616,0.6191721138766191,0.0,0.06,68cda4d61f05813a,2026-09-04T15:58:01,4.984662161474521,6124,0.13063094648483592,-26.48980389804513,5.356749980501359,0.1016126870491434
5.5748908938316815,801,0.10454918827789357,-120.8398458950625,5.667565080165716,0.09731462542146505,316.22776601683796,spikein,6,ridge,3000,1,cluster,2.646135882328803,8004,0.7512304535789038,0.37375366841349067,3.23212305464232,0.7639845782520113,0.0,0.19,96d59b38a7067b29,2026-09-04T15:58:01,2.7065125148692233,801,0.17266390055471967,-24.771974553512923,3.0919010391772357,0.17923954159544955
5.908782235900719,1007,0.15071989253136447,-32.23136709250006,6.069045404204999,0.15128477434513057,316.22776601683796,secondary,6,ridge,3000,1,cluster,2.870470727203786,10000,0.6263939744222471,0.34201832901550344,3.4678660711142415,0.6411183875315497,0.0,0.14,ff4dbe9a466e65d2,2026-09-04T15:58:01,4.303656006027869,1132,0.10515612570156554,-53.02833182109971,4.646618479634612,0.0967931332385758
5.0751187289441315,999,0.08085090989555103,-1025.6232992120486,5.160637899928241,0.07857214729759819,316.22776601683796,primary,6,ridge,3000,2,cluster,2.8519674350995143,9982,0.741927445220616,0.4179743490340281,3.3314533534883104,0.7618500234402446,0.0,0.09,ea388e031060bbe3,2026-09-04T15:58:01,3.516498416274398,999,0.07919264141176148,-60.33547630836701,3.874135712221925,0.10656390257993463
5.626667342382084,6124,0.08443228871422692,-160.36020029055862,5.711502228788797,0.08954850273074043,316.22776601683796,native,6,ridge,3000,2,cluster,3.371918714012595,61236,0.6368137246340531,0.2211855077514061,3.8791816928976726,0.6334810753405259,0.0,0.04,68cda4d61f05813a,2026-09-04T15:58:02,4.959370931404856,6124,0.14402251276562156,-26.349167945943538,5.343030027589491,0.11429595565493228
5.554464853248941,801,0.09597230562619767,-120.15482804644682,5.651610301306996,0.09535407735343289,316.22776601683796,spikein,6,ridge,3000,2,cluster,2.618680857457053,8004,0.7627202409735109,0.3858945943610056,3.2006394192848577,0.7784552756375619,0.0,0.17,96d59b38a7067b29,2026-09-04T15:58:02,2.7389911920687977,801,0.18007722706748855,-25.219593319573967,3.1186361872005715,0.19792335640299996
5.876209813986776,1007,0.12339788923346114,-31.959753761163462,6.0441921413290025,0.13410033125828613,316.22776601683796,secondary,6,ridge,3000,2,cluster,2.8495045011028646,10000,0.6360733737165227,0.35139190700304634,3.4430759307248047,0.6542477940829599,0.0,0.16,ff4dbe9a466e65d2,2026-09-04T15:58:02,4.22808465224694,1132,0.10301924707019866,-51.21697979003247,4.568063269613026,0.0877318961592695
4.0675791139239905,999,0.1119362547741302,-688.1773434221641,4.228275972093267,0.10168140485174552,316.22776601683796,primary,6,ridge,10000,0,cluster,2.4683000138445577,9982,0.7780254374036706,0.5404729205601749,2.960180739777295,0.8020469801022889,0.0,0.15,ea388e031060bbe3,2026-09-04T15:58:03,2.645396118049507,999,0.13437562505422135,-41.53023697893858,3.226025978414772,0.16393766512002983
4.630409684202909,6124,0.08984920199467991,-112.54977854615642,4.791210857511384,0.09631387305098871,316.22776601683796,native,6,ridge,10000,0,cluster,2.909753786468255,61236,0.7052207595695079,0.38900798944484394,3.4359028451533797,0.7034238622968997,0.0,0.06,68cda4d61f05813a,2026-09-04T15:58:03,4.220096564230617,6124,0.17345771537349716,-21.637115967650406,4.861005401657929,0.13577633471502965
4.609476859687121,801,0.11392577329030391,-85.80019535346821,4.7836808412335285,0.10132944791579104,316.22776601683796,spikein,6,ridge,10000,0,cluster,2.30952929376975,8004,0.800866484974426,0.5071617895209931,2.867262637566161,0.8198376546064307,0.0,0.18,96d59b38a7067b29,2026-09-04T15:58:03,2.018292275856199,801,0.22348388272262315,-16.52989566037088,2.5500071835537645,0.23258613765212433
5.1294724408392876,1007,0.1482204118227105,-25.16525606236286,5.385286057427921,0.15634949187077668,316.22776601683796,secondary,6,ridge,10000,0,cluster,2.5874530931934716,10000,0.6693287080123635,0.43803887643730444,3.20485625207739,0.6886736962604375,0.0,0.14,ff4dbe9a466e65d2,2026-09-04T15:58:03,3.451491076617696,1132,0.11042734133323351,-39.8801709169849,4.041872293583505,0.09992918735173079
4.06358275554321,999,0.10987073911858178,-687.4215076279278,4.225956714874942,0.11258426763436782,316.22776601683796,primary,6,ridge,10000,1,cluster,2.445517740933218,9982,0.7832898199884725,0.549447578215224,2.931131740176791,0.808491699506054,0.0,0.1,ea388e031060bbe3,2026-09-04T15:58:04,2.646165186697776,999,0.11232283723163529,-41.12621233329394,3.2106662678814053,0.1419334524905667
4.557370029937718,6124,0.09014113752053271,-109.233784439901,4.720733644919275,0.09891409335393944,316.22776601683796,native,6,ridge,10000,1,cluster,2.8860714306965343,61236,0.7059246958898086,0.3978799152519784,3.410866066488503,0.7043296493778239,0.0,0.07,68cda4d61f05813a,2026-09-04T15:58:04,4.227301911930879,6124,0.1724624717722889,-21.862908971235182,4.885188200219685,0.1386799845056944
4.575841956556811,801,0.1345382339923438,-84.16627358581745,4.738443078319479,0.1415689708313486,316.22776601683796,spikein,6,ridge,10000,1,cluster,2.2937043921827436,8004,0.8058355552145477,0.515697048026689,2.842325737853291,0.8258125419766397,0.0,0.13,96d59b38a7067b29,2026-09-04T15:58:04,2.020994578705596,801,0.19580470224045587,-16.326998441168882,2.5352068899379034,0.2037762102235049
5.06980547008531,1007,0.15450279140627576,-24.57619969323832,5.324321720363254,0.16329564242273473,316.22776601683796,secondary,6,ridge,10000,1,cluster,2.5798963258728387,10000,0.6725422063864844,0.44265697594109266,3.191660608553678,0.6916623916654145,0.0,0.12,ff4dbe9a466e65d2,2026-09-04T15:58:04,3.4053220849997583,1132,0.10675253230008727,-39.48080999043162,4.022081189194908,0.0933466242441518
4.002942013788271,999,0.12497460749142977,-673.0179784187676,4.181514140704677,0.12118424235859104,316.22776601683796,primary,6,ridge,10000,2,cluster,2.42790093671055,9982,0.783594444999865,0.5528047954043809,2.920190898316859,0.8081978745183245,0.0,0.13,ea388e031060bbe3,2026-09-04T15:58:05,2.653632722459398,999,0.10224427599022548,-42.030529732025094,3.244944739618603,0.12695011644911441
4.492366433190227,6124,0.08860413950620843,-106.82988887574777,4.668976814492553,0.09656964948498838,316.22776601683796,native,6,ridge,10000,2,cluster,2.8816930433776147,61236,0.7004868915737703,0.3991909492172433,3.40715069625511,0.7043492164102869,0.0,0.06,68cda4d61f05813a,2026-09-04T15:58:05,4.206333031380278,6124,0.1851140093868688,-21.61624687520265,4.858764211515693,0.14797706199617375
4.495345294140698,801,0.10765254218858147,-81.6982622555676,4.669281283483442,0.10070100964816424,316.22776601683796,spikein,6,ridge,10000,2,cluster,2.2778914234992387,8004,0.8053780577167067,0.5216659714609757,2.824755925779198,0.8250554788970103,0.0,0.17,96d59b38a7067b29,2026-09-04T15:58:05,2.0274731431263366,801,0.1971334493355605,-16.828450132680125,2.571630296800781,0.20714326076195277
5.039413149552762,1007,0.14555601338861443,-24.494705153206965,5.31583239537365,0.16652268484968688,316.22776601683796,secondary,6,ridge,10000,2,cluster,2.582730880831182,10000,0.6713711104001703,0.44226420553133516,3.1927850229730375,0.6908014413092552,0.0,0.13,ff4dbe9a466e65d2,2026-09-04T15:58:05,3.402941063941578,1132,0.12303465855403732,-39.21535454925397,4.008871974143661,0.11135642270038844
3.4499931809183835,999,0.12009136605075144,-519.763528342975,3.6755142408885457,0.11764869112895067,316.22776601683796,primary,6,ridge,30000,0,cluster,2.252473086291863,9982,0.8049783614287951,0.6073534206512448,2.7362991986530183,0.8325620376770745,0.0,0.16,ea388e031060bbe3,2026-09-04T15:58:07,2.34736285911308,999,0.15729247465733778,-34.909939595663154,2.9643282737163674,0.1828653824164846
3.968083129693653,6124,0.0825867095628835,-86.5179260651429,4.206303905131204,0.08647168459292505,316.22776601683796,native,6,ridge,30000,0,cluster,2.6314047707946076,61236,0.744999062960513,0.4774546043147957,3.177496801587288,0.749071934849073,0.0,0.07,68cda4d61f05813a,2026-09-04T15:58:07,3.6847471083635446,6124,0.19613684890191005,-18.278381632635647,4.485912957163041,0.15706393635395502
4.001954091064046,801,0.11090373815940555,-66.77406124048981,4.227013167103716,0.10759274566393005,316.22776601683796,spikein,6,ridge,30000,0,cluster,2.155646929844119,8004,0.8265946376599016,0.5706286161797269,2.676281783391423,0.8488844143925917,0.0,0.17,96d59b38a7067b29,2026-09-04T15:58:07,1.914321580332019,801,0.24113716612166597,-15.222153579314025,2.4530476966403727,0.24516393940243023
4.6383414443549,1007,0.18439847739661222,-21.145200340974025,4.954343216257082,0.1979887513430313,316.22776601683796,secondary,6,ridge,30000,0,cluster,2.4704541645988822,10000,0.690383734763135,0.4758435971408932,3.095179685977639,0.7113159965183674,0.0,0.13,ff4dbe9a466e65d2,2026-09-04T15:58:07,3.0478445312580877,1132,0.12904068407868216,-34.337512688536634,3.757891396350323,0.11596559544191268
3.495400207417386,999,0.14759257342656415,-530.8986116577848,3.7146017391865405,0.15258934686189193,316.22776601683796,primary,6,ridge,30000,1,cluster,2.2528751780551604,9982,0.8054754069408784,0.6069705935442259,2.737632808001128,0.8330292237175371,0.0,0.13,ea388e031060bbe3,2026-09-04T15:58:09,2.3407007695676327,999,0.1552472010332126,-34.75942368150683,2.958109283863665,0.17332531730126916
3.960658562300069,6124,0.0809855692266444,-86.10606991975051,4.196394877666913,0.09569472519489541,316.22776601683796,native,6,ridge,30000,1,cluster,2.638772356905336,61236,0.7451979337262007,0.4756062200777177,3.1831116729561946,0.7498733921490999,0.0,0.09,68cda4d61f05813a,2026-09-04T15:58:09,3.660323899762448,6124,0.20604631905044812,-18.20363341191517,4.477207878105725,0.16774575628510807
4.054032421476683,801,0.12389423838727524,-68.26429937129137,4.2732329458077,0.11934270129918649,316.22776601683796,spikein,6,ridge,30000,1,cluster,2.1637848771025037,8004,0.8263636190295656,0.5679758294297315,2.684536493635145,0.8492079006816147,0.0,0.16,96d59b38a7067b29,2026-09-04T15:58:09,1.8931692090076155,801,0.22841930971593374,-14.88370092707324,2.427323099710982,0.23022074962406716
4.651854387209811,1007,0.18702407176301503,-21.215805594786058,4.962234865026331,0.18850879395474707,316.22776601683796,secondary,6,ridge,30000,1,cluster,2.469727040861547,10000,0.6908145143805283,0.47615274762917026,3.0942667738769476,0.712003427973564,0.0,0.16,ff4dbe9a466e65d2,2026-09-04T15:58:09,3.1258343112763582,1132,0.12280109170909093,-35.66213951833357,3.8276757343922894,0.10355958508431397
4.036439632748937,999,0.11381386540737187,-669.4199751460958,4.17033844952516,0.11010027896664282,1000.0,primary,6,ridge,30000,2,cluster,2.4060568664647657,9982,0.8028665636574193,0.5658826752725672,2.877174702285954,0.8312464247195432,0.0,0.15,ea388e031060bbe3,2026-09-04T15:58:11,2.6186027650957233,999,0.1242916086623811,-40.47747272486491,3.1858483733789567,0.15196393989179557
4.545051002222026,6124,0.09925421904551036,-107.42771146905262,4.681901625156974,0.10885613949418801,1000.0,native,6,ridge,30000,2,cluster,2.8702329695699653,61236,0.7183902155521151,0.4102961068907838,3.3755155021407823,0.7280524675655969,0.0,0.05,68cda4d61f05813a,2026-09-04T15:58:11,4.214305307411976,6124,0.18077201112801183,-21.454942843728908,4.841406320224555,0.14395425975920223
4.540054681335347,801,0.11053124020951588,-82.03839296339522,4.678873602943677,0.11420019773950071,1000.0,spikein,6,ridge,30000,2,cluster,2.2432367628191723,8004,0.8244608400492607,0.5361022669616984,2.7818032790827236,0.8475817272522315,0.0,0.18,96d59b38a7067b29,2026-09-04T15:58:11,1.980187613121728,801,0.2098035199891224,-16.11701506483891,2.519798161645595,0.2214729328364482
5.060398526541526,1007,0.17857412639996564,-24.302624284850257,5.29576940193951,0.19247262953757166,1000.0,secondary,6,ridge,30000,2,cluster,2.5456975218757987,10000,0.6887037916300599,0.45800302638820667,3.147413835070549,0.710556612933146,0.0,0.12,ff4dbe9a466e65d2,2026-09-04T15:58:11,3.392595786930394,1132,0.1183812645312027,-38.79084127312186,3.9876570133741973,0.10169777355070903
2.8678807903219155,999,0.16193079036216973,-387.1615197105806,3.173248395447284,0.14834488195610437,3.1622776601683795,primary,6,ridge,100000,0,cluster,2.0519132521820795,9982,0.8327993221470008,0.6667777126396579,2.5207495289487936,0.8644370873964056,0.0,0.16,ea388e031060bbe3,2026-09-04T15:58:21,2.1560320209812476,999,0.13963659116036464,-31.039683666581297,2.8000324779641566,0.1704470923829641
3.3818084298278546,6124,0.0739642576939915,-67.0426087828315,3.708878587143009,0.08537534420407882,3.1622776601683795,native,6,ridge,100000,0,cluster,2.443196343618326,61236,0.7700714238978978,0.5286439787903127,3.0178499256853883,0.7799799852621555,0.0,0.09,68cda4d61f05813a,2026-09-04T15:58:21,3.4917388358667423,6124,0.2132442850449871,-17.46626083922569,4.390409593801809,0.17364359307905838
3.489807330006815,801,0.11669261469677777,-53.34530554628392,3.7851479785132534,0.12499201434615706,3.1622776601683795,spikein,6,ridge,100000,0,cluster,2.0186355804939797,8004,0.8485170298063498,0.6190537914011975,2.520850656444119,0.873960260868185,0.0,0.19,96d59b38a7067b29,2026-09-04T15:58:21,1.9266483506906344,801,0.22323251321657017,-15.903806392651902,2.504055747254329,0.2272407931482156
4.177521535618066,1007,0.1922638972143692,-17.83125127331729,4.568628785742947,0.2113290966145764,3.1622776601683795,secondary,6,ridge,100000,0,cluster,2.364876222656667,10000,0.7136574172534523,0.5082727001022119,2.9979030148651686,0.7375809343924137,0.0,0.16,ff4dbe9a466e65d2,2026-09-04T15:58:21,2.830830713042943,1132,0.130964367173601,-31.173289009112388,3.5857001233741967,0.11539840904093011
2.8841484217075735,999,0.16872245867373872,-387.28029312948155,3.173733848943485,0.17550085155295572,3.1622776601683795,primary,6,ridge,100000,1,cluster,2.0543217198854933,9982,0.833687532979271,0.6669850397089574,2.519965216270175,0.865338369355008,0.0,0.16,ea388e031060bbe3,2026-09-04T15:58:30,2.1589669727825664,999,0.13716252775676246,-30.853780326869234,2.7918973686032924,0.16684518636927065
3.36429630282022,6124,0.07121649978427992,-66.57534493047159,3.696121798013109,0.08363227871543681,3.1622776601683795,native,6,ridge,100000,1,cluster,2.4390281815661607,61236,0.7706001329813659,0.5298096248973423,3.01411609990839,0.7806907443194921,0.0,0.09,68cda4d61f05813a,2026-09-04T15:58:30,3.495779869059657,6124,0.21564306271980613,-17.516426720683924,4.396369094448267,0.17584150505172255
3.4966058238838498,801,0.13376467292854327,-53.08480425993288,3.77606512972318,0.14214335416141297,3.1622776601683795,spikein,6,ridge,100000,1,cluster,2.0253270603139244,8004,0.8492997386353507,0.6189140961055578,2.5213128197255856,0.8742224911921689,0.0,0.19,96d59b38a7067b29,2026-09-04T15:58:30,1.9181421044167508,801,0.21754611417160613,-15.652268616262962,2.4853550659057255,0.22151798769414238
4.194816800531706,1007,0.20143834312806966,-17.988843763718183,4.587705625781052,0.2182700073869404,3.1622776601683795,secondary,6,ridge,100000,1,cluster,2.360595004080236,10000,0.7145326494962032,0.5098287221250877,2.9931559738822244,0.7382034244766097,0.0,0.19,ff4dbe9a466e65d2,2026-09-04T15:58:30,2.848983228838486,1132,0.12517988316946055,-31.412189505594313,3.598988183743067,0.11143342912285517
2.8774100081460015,999,0.15236051557432317,-382.9575191407801,3.1560176099337096,0.1627805886932441,10.0,primary,6,ridge,100000,2,cluster,2.0533729509441727,9982,0.8333272126853571,0.6667936580865577,2.5206892164184693,0.8644467480845929,0.0,0.18,ea388e031060bbe3,2026-09-04T15:58:40,2.166258614342492,999,0.14065546926886405,-31.31110628570533,2.811867634942374,0.16830835294706034
3.3880080035158446,6124,0.07849906071560378,-66.96954455784591,3.7068867534242402,0.09271523789218405,10.0,native,6,ridge,100000,2,cluster,2.4436515493772526,61236,0.7701213096019757,0.5301762537096806,3.012940749066216,0.7803785995906517,0.0,0.11,68cda4d61f05813a,2026-09-04T15:58:40,3.4961677103709117,6124,0.21796514577827544,-17.393290238098693,4.38172651636876,0.1762006400212773
3.4700397009334614,801,0.10602387181159609,-52.0299637581854,3.739060655907029,0.11187424761991469,10.0,spikein,6,ridge,100000,2,cluster,2.0139502772930142,8004,0.8501820566945082,0.6226454659874182,2.5089388466311875,0.8751433268171048,0.0,0.22,96d59b38a7067b29,2026-09-04T15:58:40,1.9090040387881084,801,0.21850294429587827,-15.566409555032479,2.4789395429212697,0.22295190291448289
4.1974799587893505,1007,0.19980646874901226,-17.956126723387293,4.583751702623076,0.21373556405643432,10.0,secondary,6,ridge,100000,2,cluster,2.3653930634960534,10000,0.7135228456029395,0.5083686982271629,2.997610365752703,0.7369845218789658,0.0,0.15,ff4dbe9a466e65d2,2026-09-04T15:58:40,2.840625315167457,1132,0.12371701352731226,-31.299508331211747,3.592726784878167,0.10726532954056346
7.343251758270913,999,-0.03251053479746112,-2085.303049303647,7.356758941464926,-0.01086201234559814,100.0,primary,6,ridge,100,0,random,3.7041482609060195,9982,0.4620074837436075,0.03180429337595958,4.296791204113743,0.4641783878111512,0.0,0.08,ea388e031060bbe3,2026-09-04T15:58:40,4.738085825999339,999,0.06458732358490507,-92.62408404031103,4.786441440881497,0.0773589822287217
8.277087886889305,6124,0.007699694051809335,-339.58383970880163,8.297822817486935,-0.0016858579400882176,100.0,native,6,ridge,100,0,random,4.58291158110936,61236,0.30215945746812045,-0.41721684939237047,5.232885871066371,0.2884666283071755,0.0,0.0,68cda4d61f05813a,2026-09-04T15:58:40,4.9827980490621595,6124,0.043093340689708104,-23.935012849318525,5.101763871667553,0.039167263851609464
7.715067019214047,801,0.019896359086171548,-226.4025971617109,7.7428269944537025,0.019142056132399058,100.0,spikein,6,ridge,100,0,random,3.488982344901693,8004,0.47861073179120006,-0.06286712398808758,4.2107046173937634,0.478054649931977,0.0,0.12,96d59b38a7067b29,2026-09-04T15:58:40,4.085552683483796,801,0.09752563451260385,-45.493418321117396,4.152861785133562,0.10438491785517479
7.680492518007755,1000,0.045278141424140404,-53.4946319903944,7.760418469732486,0.03928384404628029,100.0,secondary,6,ridge,100,0,random,3.4485752084314822,10000,0.40098508859076676,0.06630611097842776,4.105111326065945,0.40278362871906703,0.0,0.05,aa907c85c945efc7,2026-09-04T15:58:40,5.344497708559472,1094,0.016555528835109783,-62.81495580140766,5.409591915738564,0.02059613402369221
6.639569369522301,999,0.026177772509914994,-1733.4200004688112,6.70772062181697,0.02686114571485312,0.1,primary,6,ridge,100,1,random,3.55904877468857,9982,0.39750739325677,0.11389846039795881,4.110592444718054,0.39498405930010666,0.0,0.06,ea388e031060bbe3,2026-09-04T15:58:40,4.780236379281656,999,0.0953056809342505,-98.08973259967021,4.924172826970377,0.09901057369995245
7.5275717468061325,6124,0.0025671440279543337,-283.84278971387033,7.588479299085258,0.005316903190776657,0.1,native,6,ridge,100,1,random,4.228661319195096,61236,0.33075071729024497,-0.21370553353123256,4.842613131730371,0.29951871127753266,0.0,0.02,68cda4d61f05813a,2026-09-04T15:58:40,5.093596444964643,6124,0.10258631699649429,-25.877244110963414,5.296731077024643,0.0825310902302647
7.021502514345369,801,-0.01837632371243036,-190.37778374380832,7.103094715033445,-0.01459889601838101,0.1,spikein,6,ridge,100,1,random,3.307874375662912,8004,0.4133385272383191,0.056146351265431216,3.9679630483073787,0.40980805943014276,0.0,0.08,96d59b38a7067b29,2026-09-04T15:58:40,4.123953062050352,801,0.1294115971708736,-48.635915429567056,4.290913465815682,0.1304048173713937
7.000624212801457,1000,0.03140313097864502,-45.19085977021448,7.144737899615561,0.007230096756348121,0.1,secondary,6,ridge,100,1,random,3.3670823961794376,10000,0.3372559364416347,0.10822066255470231,4.011911865341562,0.33548810653240313,0.0,0.06,aa907c85c945efc7,2026-09-04T15:58:40,5.401946680637339,1094,-0.0025447032347386054,-66.56412803670027,5.566232671750755,-0.0008961774543147161
7.027578735852742,999,0.016762741561679895,-1905.212554986319,7.032074970206167,0.01968081508362069,316.22776601683796,primary,6,ridge,100,2,random,3.8031895292877698,9982,0.3937191023481395,0.019261600458327033,4.3245334832017095,0.3915804720966438,0.0,0.05,ea388e031060bbe3,2026-09-04T15:58:40,5.5156506757001145,999,0.09017669778048984,-124.42713602451292,5.540063108438979,0.1039085618684817
8.01430662067622,6124,0.02095153784416994,-317.85009735997124,8.028703420773802,0.0286646683691166,316.22776601683796,native,6,ridge,100,2,random,4.490843358193013,61236,0.3505793924120033,-0.34573931423968385,5.099218002532948,0.3304647893416018,0.0,0.02,68cda4d61f05813a,2026-09-04T15:58:40,5.409590081090946,6124,0.10747971991664093,-28.036197065950066,5.505356201380378,0.0888937275076276
7.403158798534772,801,-0.024486983014173028,-208.04007074912658,7.4236351107567335,-0.023283528071207746,316.22776601683796,spikein,6,ridge,100,2,random,3.527520842448078,8004,0.40724272445028986,-0.03713833099616681,4.15942820374825,0.40490754998275774,0.0,0.06,96d59b38a7067b29,2026-09-04T15:58:40,4.896056151419841,801,0.08670252146573826,-64.67990764667627,4.93591878240339,0.09861871538382506
7.357536145746708,1000,0.052865932696058535,-48.996291884359316,7.433223239220631,0.06799584177560981,316.22776601683796,secondary,6,ridge,100,2,random,3.553283708053827,10000,0.3418597041645427,0.03164943043175794,4.180603570881663,0.34155047796421284,0.0,0.02,aa907c85c945efc7,2026-09-04T15:58:40,6.073786137526824,1094,-0.020168823649605518,-80.56020811467803,6.11564729586093,-0.011415894292286656
7.301844121576907,999,-0.01720583140224406,-2055.284830185527,7.3036417944622185,-0.004399911052131891,10000.0,primary,6,ridge,300,0,random,3.8641002160397924,9982,0.5799690868703884,-0.021427187575858708,4.413329780779283,0.5877464162334026,0.0,0.07,ea388e031060bbe3,2026-09-04T15:58:40,5.495827999439564,999,0.06223914722925485,-123.42850274760396,5.517964430910011,0.08533917340203452
8.267587421658195,6124,0.03282934698828831,-338.1052647021305,8.27979157706154,0.020766946256503254,10000.0,native,6,ridge,300,0,random,4.60999599406039,61236,0.3766423477619589,-0.42182382886925995,5.241384301514462,0.35675294874722485,0.0,0.0,68cda4d61f05813a,2026-09-04T15:58:40,5.356153591873597,6124,0.01189149832491597,-27.48358927198195,5.4527164362773215,0.015980031324478096
7.6682890844479035,801,0.030755268129833355,-223.04445180386466,7.685443639908951,0.037450709746608794,10000.0,spikein,6,ridge,300,0,random,3.605283439892909,8004,0.5992625045965393,-0.0918439196721248,4.2677165745488,0.6047112187117153,0.1,0.11,96d59b38a7067b29,2026-09-04T15:58:40,4.886494755596108,801,0.10168394566985234,-64.36488507002548,4.924067404422597,0.12104336005369458
7.602223823130131,1000,0.0983704492369596,-52.29272469724384,7.674361293691699,0.09978537791895842,10000.0,secondary,6,ridge,300,0,random,3.597970887809992,10000,0.5139869800147611,0.004479828780685646,4.23884672629871,0.5249855752345847,0.0,0.04,aa907c85c945efc7,2026-09-04T15:58:40,6.035558782504289,1094,-0.005853836372846794,-79.43952979880713,6.073485929112487,-0.0012064179285032864
7.16887803896292,999,0.022272965858545362,-1981.1010209158705,7.170686273211065,0.03017743840470993,31622.776601683792,primary,6,ridge,300,1,random,3.870801959086028,9982,0.5415005486521131,-0.015925080110033685,4.401427119430335,0.5470802509753392,0.0,0.06,ea388e031060bbe3,2026-09-04T15:58:40,5.6621306269495815,999,0.07589779788079476,-131.013500760172,5.683660559021053,0.10201813278924471
8.13853864515619,6124,0.032760161315090894,-327.6332052105409,8.150943068530207,0.02933101417776574,31622.776601683792,native,6,ridge,300,1,random,4.556474055137137,61236,0.3799186170885527,-0.3849588468529974,5.172988867492199,0.34822357280502336,0.0,0.01,68cda4d61f05813a,2026-09-04T15:58:40,5.499488928674639,6124,0.06506413041341216,-28.9736580747379,5.593523025949573,0.05178866223955117
7.535369702678793,801,0.016937827856699946,-215.3798175640347,7.552838882847539,0.011834763312264124,31622.776601683792,spikein,6,ridge,300,1,random,3.59583320097066,8004,0.558370136545967,-0.07535103354023409,4.235360851740641,0.5603303436796052,0.1,0.09,96d59b38a7067b29,2026-09-04T15:58:40,5.055100308821889,801,0.11476002073449071,-68.88777241356738,5.091577250379384,0.13191910193375767
7.466899978220463,1000,0.08616075512614857,-50.449557895457374,7.540481906539633,0.06605318989586903,31622.776601683792,secondary,6,ridge,300,1,random,3.6105133439600468,10000,0.4693718264695188,0.0013461075765325292,4.245513053738503,0.47798662745194037,0.0,0.04,aa907c85c945efc7,2026-09-04T15:58:40,6.19907376012157,1094,-0.04206657611137122,-83.80146586069628,6.235983361141095,-0.03483708257684569
6.282426533040342,999,0.02854676987007663,-1585.003787403642,6.4143099128272345,0.01990250771813898,10.0,primary,6,ridge,300,2,random,3.2793009136296827,9982,0.532299151683622,0.2061845344201001,3.890652582427117,0.5356282941872658,0.0,0.07,ea388e031060bbe3,2026-09-04T15:58:40,3.6763586506351933,999,0.10385588059199001,-64.05316944073383,3.989818955494523,0.12188038539541544
7.142101116121137,6124,0.026061846599088875,-260.52477629166395,7.271241315493462,0.025203150399040433,10.0,native,6,ridge,300,2,random,4.077849193056235,61236,0.3856126370395721,-0.14839559209145814,4.710520170785656,0.36915912735727413,0.0,0.01,68cda4d61f05813a,2026-09-04T15:58:40,4.754905126361112,6124,0.08053549330598615,-23.559040065192825,5.063155312909402,0.07025359139041044
6.602049900090948,801,-0.0032664645545729437,-171.39635991655737,6.74164517517335,0.0097334379407287,10.0,spikein,6,ridge,300,2,random,3.128995810956999,8004,0.5502724558383372,0.11834993538929783,3.83498272030807,0.5516417782678177,0.0,0.09,96d59b38a7067b29,2026-09-04T15:58:40,2.9121174097954112,801,0.10292290302305633,-27.862746969355253,3.2720548057335854,0.11626906516480333
6.792282782137394,1000,0.034871979993967045,-43.40282572169367,7.005087799443294,0.03677510209558446,10.0,secondary,6,ridge,300,2,random,3.1230984263956545,10000,0.4663151840795148,0.2002704387497497,3.799218364117867,0.4692059660849268,0.0,0.08,aa907c85c945efc7,2026-09-04T15:58:40,4.3460606277751745,1094,-0.007405626532213601,-46.676002175817395,4.675770466153478,-0.010081947888622484
6.1084788498339115,999,-0.01165422931037774,-1452.7232523137143,6.140994350995434,-0.003011380117592542,316.22776601683796,primary,6,ridge,1000,0,random,3.3087777182253824,9982,0.6657917310699407,0.244125648389789,3.7965356177940537,0.6812060460129494,0.0,0.07,ea388e031060bbe3,2026-09-04T15:58:40,4.4407493483435525,999,0.07446506595975542,-84.68112984056742,4.578904137694187,0.10027496434310061
6.7947061119944365,6124,0.06071264573907757,-229.8181387999747,6.8310443639501734,0.05703215787819271,316.22776601683796,native,6,ridge,1000,0,random,3.8937975547320436,61236,0.5747307931698467,-0.01368743438985831,4.425630392440735,0.5531660212298398,0.0,0.05,68cda4d61f05813a,2026-09-04T15:58:40,5.3394555918614435,6124,0.11514426890700727,-28.094854590577143,5.510914223296431,0.09538684859101303
6.53451479913739,801,0.07132167015742398,-163.2597590086651,6.580629438329669,0.06706704680246948,316.22776601683796,spikein,6,ridge,1000,0,random,3.0520986701542885,8004,0.6812000472658899,0.19695001601610151,3.660046293153594,0.6925228357248275,0.0,0.13,96d59b38a7067b29,2026-09-04T15:58:40,3.732326406366965,801,0.13859590789831913,-39.873816783469465,3.89380622642051,0.15468781230444484
6.600564509451389,1000,0.09189127939513911,-39.734068871326556,6.709453930930248,0.10556888145594465,316.22776601683796,secondary,6,ridge,1000,0,random,3.1447802311956883,10000,0.5802046121819406,0.22376418532991982,3.7429973477527345,0.5970974277523206,0.0,0.04,aa907c85c945efc7,2026-09-04T15:58:40,5.126812249258624,1094,-0.0015696258372097786,-59.55164912621146,5.269461743237151,0.008669451931469799
5.384365139661489,999,0.05893698771221354,-1164.0913012300387,5.497659134448329,0.05035453489561705,100.0,primary,6,ridge,1000,1,random,3.0361164955045723,9982,0.6513799299299403,0.3427222658205211,3.5402761089708243,0.6626934757200436,0.0,0.09,ea388e031060bbe3,2026-09-04T15:58:40,3.801038202222761,999,0.11884795150119187,-68.31152208019128,4.118335059562416,0.14942101620658732
5.937217357079134,6124,0.03083584657596338,-179.96293304422773,6.048489788860778,0.02868505280750801,100.0,native,6,ridge,1000,1,random,3.5312909128504786,61236,0.540711205165938,0.14241787993400967,4.070623807100025,0.5176100576266113,0.0,0.03,68cda4d61f05813a,2026-09-04T15:58:40,5.140167035517702,6124,0.14150557652611365,-28.012081899579538,5.503069570018176,0.1092459592067276
5.8221240524718825,801,0.03523338155887116,-133.00769808913455,5.943834642848193,0.038614932705688956,100.0,spikein,6,ridge,1000,1,random,2.800012802899718,8004,0.6692218762504125,0.308109252536397,3.3973011885104976,0.6768051051330917,0.1,0.12,96d59b38a7067b29,2026-09-04T15:58:40,3.043746994080466,801,0.17892782303387314,-30.150603849622964,3.3992646130621407,0.1963320864505403
5.966661730349064,1000,0.11053137070465735,-33.19988325483858,6.1478121703593995,0.09221001138983667,100.0,secondary,6,ridge,1000,1,random,2.9775405438959597,10000,0.5665998864151244,0.29024904356925796,3.5791151760551942,0.5802735927350037,0.0,0.07,aa907c85c945efc7,2026-09-04T15:58:40,4.624610190853558,1094,0.005476376323593726,-52.19364522298402,4.938933108252137,0.013141812904704207
5.381672729004372,999,0.041896998560898756,-1161.8047738116466,5.492261822703016,0.038210577540730574,100.0,primary,6,ridge,1000,2,random,3.001166815307283,9982,0.6662647414883115,0.3522558134204723,3.5145071894355495,0.6790792535862032,0.1,0.09,ea388e031060bbe3,2026-09-04T15:58:40,3.7020956732489325,999,0.09175718367423023,-65.56184787613563,4.035818661361564,0.11639539740140939
6.015127457223683,6124,0.07144488663243559,-184.5329611023597,6.124387711949743,0.07322949805015457,100.0,native,6,ridge,1000,2,random,3.5376023082961514,61236,0.5773667564455068,0.13626584483264015,4.085198428168938,0.5627195804747973,0.0,0.06,68cda4d61f05813a,2026-09-04T15:58:40,4.697634296351831,6124,0.16344618588762894,-24.17106360379167,5.125855267167426,0.1256828160140163
5.78648893057035,801,0.040853989118868755,-131.36970427349016,5.907396815966883,0.03482942923589902,100.0,spikein,6,ridge,1000,2,random,2.7815263872330394,8004,0.6852608063420838,0.31078186816316267,3.390733341320715,0.6946700983733363,0.1,0.13,96d59b38a7067b29,2026-09-04T15:58:40,2.9260461309578236,801,0.15288083567088825,-28.25271013450351,3.2940849297764143,0.1640225746495185
6.050595481932163,1000,0.08003543798970178,-34.268853375471956,6.243152577435867,0.06844445025377766,100.0,secondary,6,ridge,1000,2,random,2.938410993486643,10000,0.5758099843297794,0.30153935177710334,3.550533808102469,0.5872038666216715,0.0,0.07,aa907c85c945efc7,2026-09-04T15:58:40,4.4315238800955425,1094,0.01338549434816191,-48.639794071371405,4.771097081468707,0.014329358064060231
5.260305164215921,999,0.04211080701054443,-1094.843783272371,5.331779167969335,0.044941426396336207,316.22776601683796,primary,6,ridge,3000,0,random,2.897660015807365,9982,0.7347605716467465,0.40050667454995226,3.3810753555151587,0.7571671938059854,0.0,0.1,ea388e031060bbe3,2026-09-04T15:58:41,3.524712867087669,999,0.08370474323444003,-60.12327916455922,3.8674283966882177,0.11379953901797589
5.848350365406281,6124,0.09384891386087507,-172.31425212919132,5.919285360359676,0.09447699549714415,316.22776601683796,native,6,ridge,3000,0,random,3.4736775420956927,61236,0.6341607071694161,0.1801285528276345,3.980118388600822,0.6228582288598437,0.0,0.04,68cda4d61f05813a,2026-09-04T15:58:41,5.045865643733004,6124,0.1241248224540305,-26.52888570569183,5.3605564303049675,0.10369006731199104
5.697626125090727,801,0.0818043441279638,-125.82685507191566,5.782391027234459,0.08015506645371588,316.22776601683796,spikein,6,ridge,3000,0,random,2.6729363546088183,8004,0.7546363409176529,0.36063823529556327,3.2657927461142853,0.7727174928285756,0.0,0.17,96d59b38a7067b29,2026-09-04T15:58:41,2.770025247342875,801,0.1593287669407357,-25.751023791676158,3.1500826022079496,0.18052147253588874
5.910644014894962,1000,0.12941808461684684,-32.33321656538698,6.069415794893473,0.14036859064505075,316.22776601683796,secondary,6,ridge,3000,0,random,2.841441691452265,10000,0.6383588395588706,0.3476634054899418,3.4312989079726015,0.6581948151482213,0.0,0.06,aa907c85c945efc7,2026-09-04T15:58:41,4.301416962848503,1094,0.027014827774112137,-45.525668742795425,4.619017207238269,0.03934123727667671
5.174042080377077,999,0.07902285887166198,-1064.8257838941458,5.2582464886474245,0.06894185969536669,316.22776601683796,primary,6,ridge,3000,1,random,2.863203006847854,9982,0.7383882343093335,0.4115365612279428,3.3498272933877495,0.7583643700159344,0.0,0.12,ea388e031060bbe3,2026-09-04T15:58:41,3.4326863145685054,999,0.10166671253288365,-57.35962480780814,3.778985317994097,0.13155228174065847
5.703179453541969,6124,0.05988888255864683,-164.44473925037684,5.783338595386208,0.06976185499828297,316.22776601683796,native,6,ridge,3000,1,random,3.3904209003055765,61236,0.6399478994183709,0.21421374591856734,3.8965057643130843,0.6307955309732538,0.0,0.04,68cda4d61f05813a,2026-09-04T15:58:41,4.964034156811775,6124,0.1507121804455155,-26.135329031081216,5.322100874086831,0.11931099810147934
5.619889277681132,801,0.09974585186422438,-122.84837587549028,5.714089035037873,0.08824217546022584,316.22776601683796,spikein,6,ridge,3000,1,random,2.6407436011978116,8004,0.7583323333763897,0.3733259491926223,3.233226618142488,0.7731410492232174,0.1,0.16,96d59b38a7067b29,2026-09-04T15:58:41,2.6731848222634915,801,0.17316256411923253,-24.234135500696777,3.0594682717041755,0.19471398750315222
5.831144744932652,1000,0.13563717574424397,-31.51196918521879,5.994181871647699,0.13585268132316403,316.22776601683796,secondary,6,ridge,3000,1,random,2.8273943632662295,10000,0.6396443517570483,0.354830470368952,3.4123974211750157,0.6594102208120992,0.0,0.07,aa907c85c945efc7,2026-09-04T15:58:41,4.257875556265851,1094,0.025562413864233757,-44.910769767029144,4.588392436935559,0.03163113690199715
5.240489730725178,999,0.09490065331310395,-1088.338267404811,5.315929460870022,0.09586067028952798,316.22776601683796,primary,6,ridge,3000,2,random,2.887206569305046,9982,0.7367999808922331,0.4018294375266558,3.377343177967883,0.7580588654433583,0.0,0.09,ea388e031060bbe3,2026-09-04T15:58:41,3.428239635280422,999,0.08835593106763429,-57.139481430910756,3.771851065391584,0.11725781894118566
5.83698328288832,6124,0.07427946557869305,-172.1280082462336,5.91610406683026,0.08229117969507656,316.22776601683796,native,6,ridge,3000,2,random,3.4285514702027644,61236,0.6530754852343358,0.1946770629244834,3.944646988962532,0.6468172792265815,0.0,0.06,68cda4d61f05813a,2026-09-04T15:58:41,4.625632871528765,6124,0.1693047221643058,-23.15140712615581,5.020960159349808,0.12927837860433633
5.6827281666233596,801,0.059171086686913635,-125.32909804478412,5.771032804394078,0.051512557557417314,316.22776601683796,spikein,6,ridge,3000,2,random,2.674126342367167,8004,0.7562171095235348,0.358950938512265,3.270099174166564,0.7730003323414235,0.0,0.13,96d59b38a7067b29,2026-09-04T15:58:41,2.6429065312636775,801,0.15582134677995244,-23.568347293638315,3.018837315369055,0.16709471639253926
5.992675895273686,1000,0.0903392380710044,-33.306886629021974,6.157422187016611,0.07491119799311131,316.22776601683796,secondary,6,ridge,3000,2,random,2.8239941140711307,10000,0.6397595029894236,0.3511696058894521,3.4220651541028158,0.6593230821571954,0.0,0.07,aa907c85c945efc7,2026-09-04T15:58:41,4.196583751350696,1094,0.04005493639539438,-43.511189351330586,4.517913040235716,0.045960364090528574
4.137438126035161,999,0.09543313582757723,-708.6900367332396,4.290739846854569,0.0895077482291911,316.22776601683796,primary,6,ridge,10000,0,random,2.4626749225738553,9982,0.7821554336376357,0.5442534572314424,2.947978864419471,0.8091672581791538,0.0,0.14,ea388e031060bbe3,2026-09-04T15:58:42,2.639162155720326,999,0.12293597128019423,-41.45061774029599,3.223004903590424,0.15138135776472272
4.681988543003282,6124,0.08202198266609226,-115.02993512630441,4.84325307838949,0.08482709071433911,316.22776601683796,native,6,ridge,10000,0,random,2.950815940312449,61236,0.6939619739566218,0.3752065679866602,3.474492168525755,0.6928547793218277,0.0,0.06,68cda4d61f05813a,2026-09-04T15:58:42,4.152907333134204,6124,0.1761864477009173,-21.12433807806578,4.805634081203306,0.1420498704504256
4.624135781651579,801,0.10928645291897417,-85.98807772294694,4.788855273491908,0.11914583858705295,316.22776601683796,spikein,6,ridge,10000,0,random,2.317887975049132,8004,0.8033759041544091,0.5067873284695189,2.86835171131304,0.8248261642676494,0.0,0.16,96d59b38a7067b29,2026-09-04T15:58:42,2.026416311252132,801,0.2034956372374368,-16.872670534983456,2.5748175648459664,0.2248877468366055
5.09130766493082,1000,0.1268988618499508,-24.907973324585768,5.350877384090925,0.1267800290392998,316.22776601683796,secondary,6,ridge,10000,0,random,2.558345931535959,10000,0.6768930229651033,0.4458182839458983,3.1626328498303304,0.6989804366107646,0.0,0.09,aa907c85c945efc7,2026-09-04T15:58:42,3.427179574530565,1094,0.05180531928494506,-33.50433813477298,3.9777741267410334,0.054409072630090524
4.105737090588093,999,0.09242245264284389,-703.9659157678382,4.276435137740734,0.08787521014363625,316.22776601683796,primary,6,ridge,10000,1,random,2.4723929829001308,9982,0.777798698772281,0.5397500882068051,2.962507995045845,0.8031474319171539,0.0,0.14,ea388e031060bbe3,2026-09-04T15:58:42,2.649365184543369,999,0.12821292364975592,-41.61700413996722,3.2293150559766057,0.1621342865912004
4.634353168379679,6124,0.08734756900655624,-112.516181235242,4.79050198906701,0.09408352451906153,316.22776601683796,native,6,ridge,10000,1,random,2.906581945406141,61236,0.7076379686312498,0.3930318908772683,3.424569985671447,0.7103588920100531,0.0,0.07,68cda4d61f05813a,2026-09-04T15:58:42,4.170621681883007,6124,0.18228845180402553,-21.079441685275782,4.800755625570026,0.14730742590799342
4.629415922731942,801,0.10120931242854624,-86.49724399641501,4.802850099043397,0.08905658424781085,316.22776601683796,spikein,6,ridge,10000,1,random,2.317859731085863,8004,0.798593258329458,0.5031560738453166,2.878891398313448,0.8184021933774495,0.0,0.17,96d59b38a7067b29,2026-09-04T15:58:42,2.028775370522831,801,0.2015993414642503,-16.941296007567693,2.5797560764233407,0.22258230827425815
5.082938940107822,1000,0.15145803963263113,-24.74696395049164,5.334224515666744,0.16007868078294835,316.22776601683796,secondary,6,ridge,10000,1,random,2.5568274612009527,10000,0.677949410082364,0.4474383163026613,3.1580068243780968,0.7005807220338353,0.0,0.09,aa907c85c945efc7,2026-09-04T15:58:43,3.3998675036909813,1094,0.04630195095500463,-33.23092021343739,3.9619825199439673,0.04324016954409866
4.24774046261628,999,0.08622214254497393,-746.9765846715289,4.404958595733068,0.07104636901430487,316.22776601683796,primary,6,ridge,10000,2,random,2.4868531615360063,9982,0.779322118169083,0.5327098389838305,2.9850801226311945,0.8035964309511878,0.0,0.14,ea388e031060bbe3,2026-09-04T15:58:43,2.636367819808028,999,0.12602308730881467,-40.82836789963307,3.199295967572657,0.15039201526175472
4.67471088751079,6124,0.07522237230451581,-114.56417358381563,4.833522531880865,0.083149294414566,316.22776601683796,native,6,ridge,10000,2,random,2.9249635123542217,61236,0.7080371171586,0.38546374356343327,3.445853937180019,0.7085317780434599,0.0,0.06,68cda4d61f05813a,2026-09-04T15:58:43,4.142994955425399,6124,0.17965830090483104,-20.858713283535494,4.776698749078158,0.1410226947072121
4.765375733115104,801,0.1189238991087188,-90.74942796656842,4.918169904142581,0.12072405596495651,316.22776601683796,spikein,6,ridge,10000,2,random,2.344565703999484,8004,0.8010165205614581,0.4934417454527317,2.906899304343005,0.8202245745795993,0.0,0.2,96d59b38a7067b29,2026-09-04T15:58:43,1.998883864703994,801,0.19487177718844345,-16.349670160483242,2.5368649586945087,0.20594728067471768
5.14821504932642,1000,0.122643012696505,-25.400120194540314,5.401460824933181,0.11572964537952352,316.22776601683796,secondary,6,ridge,10000,2,random,2.5490721348345278,10000,0.6815324578258262,0.4486897168791173,3.1544287880026793,0.7023129478518435,0.0,0.1,aa907c85c945efc7,2026-09-04T15:58:43,3.405828720908714,1094,0.0496012856808063,-32.877605513480326,3.941482669237909,0.041107203800906794
3.4611279547990144,999,0.10841056536014305,-521.529729433555,3.6817418297803286,0.10878440364211905,316.22776601683796,primary,6,ridge,30000,0,random,2.2586786161680497,9982,0.8055270134251148,0.6078020628680316,2.7347354893580444,0.8337662068687446,0.0,0.15,ea388e031060bbe3,2026-09-04T15:58:46,2.3793879576750823,999,0.14904945548925197,-35.250567564914626,2.978354333568514,0.17174541274741673
3.998012282453483,6124,0.07899726513383622,-88.05307269123668,4.243034792457055,0.08913830641752978,316.22776601683796,native,6,ridge,30000,0,random,2.6835279340450815,61236,0.7341514985345595,0.460219851531656,3.229472298195058,0.7359065786174463,0.0,0.07,68cda4d61f05813a,2026-09-04T15:58:46,3.677681899164176,6124,0.20255389070730317,-18.289229060126225,4.487174831042777,0.16537888844282167
4.0164362641979245,801,0.10433920027370144,-67.02416103957815,4.23480524583648,0.11248339824595813,316.22776601683796,spikein,6,ridge,30000,0,random,2.1640389700052975,8004,0.8264483035517884,0.5700559015592173,2.67806606035212,0.8498226570515095,0.0,0.19,96d59b38a7067b29,2026-09-04T15:58:46,1.919605874836668,801,0.2322148314649102,-15.199007878306936,2.451297072865179,0.24370938290976676
4.59459652620554,1000,0.13993979497566933,-20.920641594135933,4.921924065929281,0.14131304676035494,316.22776601683796,secondary,6,ridge,30000,0,random,2.4300742853224278,10000,0.6990900130051076,0.486988253815838,3.0428905785588,0.721717573410112,0.0,0.11,aa907c85c945efc7,2026-09-04T15:58:46,3.041400626111074,1094,0.07402008973017306,-28.690469252816705,3.6898762300286947,0.07313537827934602
3.521126087602075,999,0.1341843696217606,-540.2593909574583,3.747145454620863,0.1379993259792859,316.22776601683796,primary,6,ridge,30000,1,random,2.277408438379983,9982,0.8013225447848058,0.6001280901207084,2.7613605916161483,0.8288761099798957,0.0,0.17,ea388e031060bbe3,2026-09-04T15:58:48,2.3370997130095184,999,0.15474610080362058,-34.7149597710196,2.956269628680261,0.18109554845426584
4.003428927972894,6124,0.0798993132265087,-87.50815794035238,4.230033331888083,0.09337000252968887,316.22776601683796,native,6,ridge,30000,1,random,2.6497402863021478,61236,0.7426111684899008,0.47393321334020055,3.188185271058047,0.7467897763955276,0.0,0.08,68cda4d61f05813a,2026-09-04T15:58:48,3.7151832335295825,6124,0.2068228396143963,-18.330680306682126,4.491993561021458,0.16989329306591955
4.076218819238719,801,0.12753158860884825,-69.04843825050355,4.297353436671145,0.1203619929576807,316.22776601683796,spikein,6,ridge,30000,1,random,2.172350505768121,8004,0.8226781243541545,0.5614246519510985,2.7048139520560217,0.8447957806732017,0.0,0.2,96d59b38a7067b29,2026-09-04T15:58:48,1.8797103176997991,801,0.23023820573505932,-14.86943547032669,2.426232842122215,0.23798952992051703
4.661645819246769,1000,0.15534471466656363,-21.39782034456602,4.975207024346156,0.1579670383972866,316.22776601683796,secondary,6,ridge,30000,1,random,2.4403197173178195,10000,0.6984676802020621,0.4855694158258993,3.0470955385479392,0.7217428876775842,0.0,0.1,aa907c85c945efc7,2026-09-04T15:58:48,3.033818155581598,1094,0.08345497638371642,-28.506920507764352,3.678452999719906,0.08255777185888187
3.5161769713486755,999,0.10442930529761867,-534.4932002558031,3.7271323057000894,0.09829823009382126,316.22776601683796,primary,6,ridge,30000,2,random,2.2605409334977056,9982,0.8045659644261464,0.6049737305419038,2.7445785371627482,0.8333361403359075,0.0,0.14,ea388e031060bbe3,2026-09-04T15:58:50,2.3581557436151668,999,0.15442964164325168,-35.10541923776465,2.9723856441745884,0.17680364934072346
3.9924068120473226,6124,0.07701518696432169,-86.98570534377382,4.217530174342338,0.08391357896889617,316.22776601683796,native,6,ridge,30000,2,random,2.655552871373725,61236,0.7387858424638268,0.4706174143807291,3.198217054197654,0.7459537667733805,0.0,0.07,68cda4d61f05813a,2026-09-04T15:58:50,3.8145055033505,6124,0.18824060097642328,-19.21415697815207,4.5934963204169135,0.15136575800687918
4.049651066052928,801,0.13343838674234973,-67.80926763312705,4.259173317022088,0.12895642448186648,316.22776601683796,spikein,6,ridge,30000,2,random,2.16227153667818,8004,0.8271593901093071,0.5708540654686369,2.675579075816361,0.8507200147142413,0.0,0.17,96d59b38a7067b29,2026-09-04T15:58:50,1.9038721398914351,801,0.23460815682722544,-14.876561721639055,2.4267775371243996,0.24301645231490557
4.605186290323735,1000,0.13510479775048173,-20.92506860677569,4.922421047733883,0.13464311818378574,316.22776601683796,secondary,6,ridge,30000,2,random,2.429128166013956,10000,0.7010400584405949,0.4891147317717863,3.036577507699235,0.7236325488826871,0.0,0.08,aa907c85c945efc7,2026-09-04T15:58:50,3.038070997764685,1094,0.0688953740866126,-28.613582737073504,3.6850954764590194,0.06869025880506907
2.9096427170244663,999,0.1455903929971603,-388.6343353093421,3.179262882428574,0.14812990545655874,10.0,primary,6,ridge,100000,0,random,2.0625179469215205,9982,0.8333264475872841,0.6654031584767462,2.5259432705200617,0.8645153331523978,0.0,0.18,ea388e031060bbe3,2026-09-04T15:59:00,2.178500662814151,999,0.1450262180513054,-31.03425256334799,2.7997951486866595,0.1686928210775906
3.4468563044171354,6124,0.07117426059461794,-69.19531263017353,3.767091723163779,0.08267648792618963,10.0,native,6,ridge,100000,0,random,2.468576220237207,61236,0.7703443183179852,0.5230008299533384,3.035861265735629,0.7786234062172067,0.0,0.1,68cda4d61f05813a,2026-09-04T15:59:00,3.441433895732125,6124,0.21930436250270127,-16.978301759125483,4.332014370531629,0.17857966530842892
3.509988115260961,801,0.12716159537683688,-53.16705311751425,3.778935243245651,0.1269055124361381,10.0,spikein,6,ridge,100000,0,random,2.0229159292915293,8004,0.8501006445451316,0.6190927274751603,2.5207218265286055,0.87513853513827,0.0,0.19,96d59b38a7067b29,2026-09-04T15:59:00,1.9056413575504603,801,0.2328509868655809,-15.32136375930962,2.4605373417149377,0.2364974268448728
4.181785916864872,1000,0.16730577748598446,-17.85530377710345,4.564834592473148,0.17466601582304217,10.0,secondary,6,ridge,100000,0,random,2.3159031758844852,10000,0.724185151368256,0.5243505897835995,2.9299901631333225,0.7511353653206346,0.0,0.11,aa907c85c945efc7,2026-09-04T15:59:00,2.7812856551280185,1094,0.09498267944750348,-25.41016897411992,3.480077037753867,0.09810593475555462
2.875941109609556,999,0.17266663410120792,-386.1022561906186,3.168915659696278,0.177872417507688,1.0,primary,6,ridge,100000,1,random,2.0602362702280264,9982,0.8323778419386556,0.6653913721874813,2.52598775874019,0.8642210675539921,0.0,0.15,ea388e031060bbe3,2026-09-04T15:59:09,2.1703422062389843,999,0.12549168018874404,-30.87603181364067,2.7928723395697554,0.14915921933958004
3.4267122538473336,6124,0.06423764630732842,-68.95005281030893,3.7605049252137843,0.07701269817636809,1.0,native,6,ridge,100000,1,random,2.462398434339779,61236,0.7714605681422633,0.5233204764249293,3.0348439002676484,0.7803662234711385,0.0,0.09,68cda4d61f05813a,2026-09-04T15:59:09,3.4414805169202083,6124,0.22288520777746673,-17.034688460154822,4.338802463566616,0.1825391632454964
3.482018697760376,801,0.12603377690568726,-52.931786575985825,3.7707196910968124,0.13194761224280124,1.0,spikein,6,ridge,100000,1,random,2.035171803524499,8004,0.8475149876187076,0.6158787149400952,2.5313341381112573,0.8726101505762802,0.0,0.18,96d59b38a7067b29,2026-09-04T15:59:09,1.9410576492957259,801,0.21356292573592514,-15.8157842144646,2.497527628063773,0.213994461412013
4.174262009203434,1000,0.17366556859890359,-17.843090981879534,4.563356005305534,0.18568884622520115,1.0,secondary,6,ridge,100000,1,random,2.3201497668802737,10000,0.7224592841562937,0.5216367867088921,2.938336759116124,0.7488907082419138,0.0,0.1,aa907c85c945efc7,2026-09-04T15:59:09,2.771748088177641,1094,0.09413588111711778,-25.397604631173326,3.47924913538283,0.09798355159440203
2.8975331261828616,999,0.15257019735745264,-388.7346889158966,3.179672279043085,0.15193222480998028,10.0,primary,6,ridge,100000,2,random,2.0596939311121156,9982,0.8327496594363571,0.6650873147526895,2.5271351752945708,0.8645617635694878,0.0,0.16,ea388e031060bbe3,2026-09-04T15:59:18,2.157558677910088,999,0.14169865243641516,-31.016620617820507,2.7990245262072677,0.1676852563986832
3.4063374796347112,6124,0.07482459875282946,-67.6328309861261,3.7249298222504175,0.08637271748428493,10.0,native,6,ridge,100000,2,random,2.4471482077323183,61236,0.7708206543926496,0.5292617874871565,3.0158715216935885,0.7797223268227476,0.0,0.1,68cda4d61f05813a,2026-09-04T15:59:18,3.475435198093068,6124,0.21838095434785776,-17.216582547552385,4.3606276965246,0.17829260022560756
3.488738496540191,801,0.10537187534046695,-52.875920359758815,3.768766200992363,0.10391871444983046,10.0,spikein,6,ridge,100000,2,random,2.0179469915649584,8004,0.8498010836524144,0.6204900852191274,2.5160939462122216,0.8753869992466811,0.0,0.2,96d59b38a7067b29,2026-09-04T15:59:18,1.9000448865092798,801,0.2220098337265699,-15.483620384134294,2.4727376439713877,0.22328805794502507
4.193354486525059,1000,0.16032887324672587,-17.95415397871251,4.576784677262213,0.16490918871021912,10.0,secondary,6,ridge,100000,2,random,2.319141377836466,10000,0.7234470743816409,0.5232855374628954,2.9332686786080377,0.7500621272031557,0.0,0.08,aa907c85c945efc7,2026-09-04T15:59:18,2.7906247732626235,1094,0.09452221496672084,-25.51570727200815,3.487023513811797,0.09791468683004466
