bottom_decile_mae,bottom_decile_n,bottom_decile_pearson,bottom_decile_r2,bottom_decile_rmse,bottom_decile_spearman,cfg_budget,cfg_deliverable,cfg_evalset,cfg_model,cfg_n_selected,cfg_seed,cfg_split,cfg_strategy,overall_mae,overall_n,overall_pearson,overall_r2,overall_rmse,overall_spearman,p_at_10,p_at_100,testset_fingerprint,timestamp,top_decile_mae,top_decile_n,top_decile_pearson,top_decile_r2,top_decile_rmse,top_decile_spearman
6.092507147216224,999,0.04148255293302348,-1461.590969347869,6.159695918192781,0.04624608991630736,100,D2,primary,ridge,100,0,cluster,random,3.5220217768664925,9982,0.4384836603869961,0.1535176286083637,4.0176456787137,0.43863468968680064,0.1,0.04,ea388e031060bbe3,2026-09-11T10:29:41,5.199698839101705,999,-0.01335579047751737,-115.46411918477845,5.338448190548388,-0.004819573080094122
7.120187576229985,999,0.03436877111221842,-1959.2412117803797,7.131035313349827,0.027316302274218104,100,D2,primary,ridge,100,1,cluster,random,3.762648035770092,9982,0.3691559357405606,0.028611660280141615,4.303869725248285,0.36638260312954085,0.1,0.03,ea388e031060bbe3,2026-09-11T10:29:41,5.259092179146615,999,0.044107815454013946,-113.53364603234819,5.294019078894517,0.05894841936124501
6.993287601151146,999,-0.019243993823120985,-1886.7499421577618,6.997937544917054,-0.025648570491278565,100,D2,primary,ridge,100,2,cluster,random,3.786009658472114,9982,0.4464499534645219,0.02885595286867282,4.303328505251575,0.44653646996312296,0.0,0.04,ea388e031060bbe3,2026-09-11T10:29:41,5.503070668057278,999,-0.011255187704626421,-123.99740257550843,5.530564393839922,0.009613750022567657
7.090437657243616,999,0.001776805700159978,-1937.9938255268978,7.092282766561789,-0.004578400194871433,300,D2,primary,ridge,300,0,cluster,random,3.862783056238423,9982,0.5702285139589325,-0.008077045773513092,4.384393619040381,0.5777498082108128,0.0,0.11,ea388e031060bbe3,2026-09-11T10:29:41,5.711156221720072,999,0.08955588090564043,-133.28795286885526,5.732413177846536,0.10542155941645391
6.7932826235249,999,-0.0049430527504753345,-1779.0358521659505,6.795355849547032,0.0010059097354933844,300,D2,primary,ridge,300,1,cluster,random,3.8461162271420335,9982,0.5686522071495592,0.013231051359467894,4.337808860178792,0.5732121892216114,0.0,0.1,ea388e031060bbe3,2026-09-11T10:29:41,5.928208050427136,999,0.0924571377989877,-143.6104150333628,5.948654494878661,0.12363842548325993
7.0397960685036916,999,0.01574975371767212,-1911.1070311920996,7.042939027373346,-0.0015163540293800814,300,D2,primary,ridge,300,2,cluster,random,3.7900399491892527,9982,0.5159927776650919,0.025141524312194075,4.311550329407723,0.5212097667302212,0.0,0.06,ea388e031060bbe3,2026-09-11T10:29:41,5.483503053376864,999,0.04582712462169965,-122.98721709147452,5.508171010319638,0.062401246938321074
6.084341450735136,999,0.025605502440179017,-1442.2971273333358,6.118933072041047,0.024133022802361476,1000,D2,primary,ridge,1000,0,cluster,random,3.3286814248602465,9982,0.6794979528797043,0.23983615322054508,3.807292817267466,0.6926311628511647,0.0,0.13,ea388e031060bbe3,2026-09-11T10:29:41,4.569113545231633,999,0.12154295972159657,-88.05186250642912,4.668103349863194,0.15520581102144226
6.3023245228422775,999,0.039543400131110115,-1544.4567920942766,6.331786508406348,0.038389427503655954,1000,D2,primary,ridge,1000,1,cluster,random,3.3632095881273694,9982,0.6599993326506761,0.21544520562717395,3.867891780172793,0.6704683415450207,0.0,0.09,ea388e031060bbe3,2026-09-11T10:29:41,4.487844981230773,999,0.09198785613346379,-85.20593845809697,4.592905936173575,0.11578451798491876
5.117306920381877,999,0.040625704287651165,-1053.7556551046573,5.230867997725296,0.06049416550819355,1000,D2,primary,ridge,1000,2,cluster,random,3.00683607621127,9982,0.6521026352712461,0.3587257031705381,3.4969110922628106,0.6654049007108753,0.0,0.07,ea388e031060bbe3,2026-09-11T10:29:41,3.9950757165093562,999,0.08055565597503363,-76.32384526069809,4.349864017592521,0.111836513868578
5.037971617461921,999,0.04303309226455903,-1009.1446187575802,5.119052771741606,0.038998657976613886,3000,D2,primary,ridge,3000,0,cluster,random,2.867230018748236,9982,0.7434962913528236,0.4194838597118121,3.3271304088852003,0.7643722127907021,0.0,0.12,ea388e031060bbe3,2026-09-11T10:29:41,3.576599995533864,999,0.08882491478314616,-61.55986559388271,3.9126127202929037,0.12494946650056868
4.385978120344657,999,0.06426686794670901,-817.3906437358008,4.607635940354712,0.06987046766205082,3000,D2,primary,ridge,3000,1,cluster,random,2.6340824274972836,9982,0.7195466249942513,0.47347927421925495,3.1686218286213346,0.7377427812727695,0.0,0.11,ea388e031060bbe3,2026-09-11T10:29:41,2.869257179466454,999,0.10360235780599059,-46.900404304395224,3.4236436008910847,0.13167188430915885
5.217200681253955,999,0.07575910111876039,-1083.5251556186552,5.30417255831996,0.0765821372474679,3000,D2,primary,ridge,3000,2,cluster,random,2.8784631438757846,9982,0.724089115882133,0.4046205959121403,3.3694543560559724,0.7417373746052236,0.0,0.16,ea388e031060bbe3,2026-09-11T10:29:41,3.416310996264667,999,0.10181719537087813,-57.05621092258381,3.769148973023109,0.12623637665721832
6.092507147216224,999,0.04148255293302348,-1461.590969347869,6.159695918192781,0.04624608991630736,100,D2,primary,ridge,100,0,cluster,uncertainty,3.5220217768664925,9982,0.4384836603869961,0.1535176286083637,4.0176456787137,0.43863468968680064,0.1,0.04,ea388e031060bbe3,2026-09-11T10:29:41,5.199698839101705,999,-0.01335579047751737,-115.46411918477845,5.338448190548388,-0.004819573080094122
7.120187576229985,999,0.03436877111221842,-1959.2412117803797,7.131035313349827,0.027316302274218104,100,D2,primary,ridge,100,1,cluster,uncertainty,3.762648035770092,9982,0.3691559357405606,0.028611660280141615,4.303869725248285,0.36638260312954085,0.1,0.03,ea388e031060bbe3,2026-09-11T10:29:41,5.259092179146615,999,0.044107815454013946,-113.53364603234819,5.294019078894517,0.05894841936124501
6.993287601151146,999,-0.019243993823120985,-1886.7499421577618,6.997937544917054,-0.025648570491278565,100,D2,primary,ridge,100,2,cluster,uncertainty,3.786009658472114,9982,0.4464499534645219,0.02885595286867282,4.303328505251575,0.44653646996312296,0.0,0.04,ea388e031060bbe3,2026-09-11T10:29:41,5.503070668057278,999,-0.011255187704626421,-123.99740257550843,5.530564393839922,0.009613750022567657
7.939605826610798,999,0.03825950311376601,-2429.976578855295,7.94123808442341,0.03762326769901682,300,D2,primary,ridge,300,0,cluster,uncertainty,3.9173247290980813,9982,0.5462304822732329,-0.09414178683604013,4.567720026456088,0.5570772230547458,0.0,0.05,ea388e031060bbe3,2026-09-11T10:29:41,4.89676219684345,999,0.016902884977542866,-97.9894481189754,4.92168042383153,0.042539974586707906
6.2041984350235015,999,0.0035216327753414337,-1543.3710994162088,6.329562058640752,0.013318011398171717,300,D2,primary,ridge,300,1,cluster,uncertainty,3.369793030081615,9982,0.48640319158190276,0.18681120426091868,3.9378427296341045,0.4875353842389286,0.0,0.06,ea388e031060bbe3,2026-09-11T10:29:42,4.2780464046352265,999,0.035734931718689814,-82.6644344186266,4.524695928517112,0.038230226218202164
6.505364707401684,999,0.035188410269112756,-1688.9641815724485,6.6211980629958305,0.034786546065103174,300,D2,primary,ridge,300,2,cluster,uncertainty,3.344890023622549,9982,0.5026535104024068,0.1678903845975387,3.9833910601329183,0.5071051216803433,0.0,0.05,ea388e031060bbe3,2026-09-11T10:29:42,3.6653275957575313,999,0.018077061920499703,-64.70091319223637,4.009633354156961,0.04034986489495507
5.726908986036245,999,0.03882287455613132,-1305.543509347857,5.8218333253280745,0.03473353915037281,1000,D2,primary,ridge,1000,0,cluster,uncertainty,3.0753860905829185,9982,0.6499750518882794,0.3134812547887791,3.6181692147760307,0.6606355632450306,0.0,0.08,ea388e031060bbe3,2026-09-11T10:29:42,3.631134703829959,999,0.09087112514574155,-62.969109611674675,3.956435699660735,0.1173949099400001
5.2559690233226775,999,0.020678566581193766,-1167.0248359527263,5.504575946448992,0.020528311879013276,1000,D2,primary,ridge,1000,1,cluster,uncertainty,2.974946646180666,9982,0.6137373216849308,0.3299303471917734,3.574560473721048,0.6198426806603401,0.0,0.09,ea388e031060bbe3,2026-09-11T10:29:42,3.222982801832594,999,0.06215933809198055,-55.69429907524755,3.7246773177965307,0.07517141189285477
6.292316029737662,999,0.05036570219216641,-1560.327058047743,6.364213968487231,0.05720614803179932,1000,D2,primary,ridge,1000,2,cluster,uncertainty,3.183877043758932,9982,0.6269748600541859,0.24934224910990765,3.7834122068354925,0.6370371431029414,0.0,0.11,ea388e031060bbe3,2026-09-11T10:29:42,3.4974108062110267,999,0.05378339451737591,-58.41630521543806,3.8130436766904166,0.08061069887522793
5.579500221871996,999,0.051791647666462506,-1228.2621403560597,5.647029837278274,0.0442275662435983,3000,D2,primary,ridge,3000,0,cluster,uncertainty,2.9850011768882774,9982,0.7155558816960723,0.35775817410674204,3.499548097927158,0.7345623285644123,0.0,0.14,ea388e031060bbe3,2026-09-11T10:29:42,3.4766259045452923,999,0.0940910514028569,-57.58500755793815,3.7862754382138206,0.12207163914035768
5.573777027554937,999,0.06535489999303234,-1229.1995242996143,5.649182521466197,0.05895606227469954,3000,D2,primary,ridge,3000,1,cluster,uncertainty,2.9522182955648253,9982,0.7261818115660388,0.36798816569244686,3.471564825088498,0.744005319878728,0.0,0.11,ea388e031060bbe3,2026-09-11T10:29:43,3.389134747368676,999,0.09750349281058582,-54.730029311006874,3.6928663887303106,0.12209817833865927
6.043590588731928,999,0.04485973516138446,-1434.3587424356322,6.102082272140601,0.062275265245205116,3000,D2,primary,ridge,3000,2,cluster,uncertainty,3.04321472606829,9982,0.7100292097245152,0.30994961328528126,3.627463706224436,0.7277536193335664,0.0,0.12,ea388e031060bbe3,2026-09-11T10:29:43,3.237088651151151,999,0.07279509340618712,-50.95043499153137,3.565443454311922,0.09980094723982497
6.315896654868865,999,0.007095510574216566,-1537.722375847825,6.317975886148935,-0.0009415046478814323,100,D2,primary,ridge,100,0,cluster,diversity,3.895085632466668,9982,0.4146563416700898,0.0007860082271001767,4.365077184918428,0.4243845326894327,0.0,0.03,ea388e031060bbe3,2026-09-11T10:29:44,6.493803387050991,999,0.015126083533420577,-172.33068471982588,6.51263419753194,0.021658903718230812
6.409212640455893,999,-0.006102137486034434,-1583.6077767329573,6.411486333065905,-0.020757810039043912,100,D2,primary,ridge,100,1,cluster,diversity,3.8708063231348584,9982,0.40125564714301054,0.011709620927216724,4.341151655106986,0.40781878931516036,0.0,0.05,ea388e031060bbe3,2026-09-11T10:29:45,6.342744449237445,999,0.035010211952118654,-164.41795629903794,6.362243467632065,0.04508062999922144
6.883709248002465,999,-0.03659725897090503,-1831.9438974794791,6.895605629272252,-0.03585977370915938,100,D2,primary,ridge,100,2,cluster,diversity,3.7433282250250732,9982,0.39030330388780576,0.0495056612619843,4.257331237458558,0.38919471370514336,0.0,0.03,ea388e031060bbe3,2026-09-11T10:29:45,5.444773769951439,999,0.054280523287919505,-121.72616346337702,5.480088069587714,0.06920234462919832
6.801419088313052,999,0.010475769918710087,-1783.2191645624475,6.803336142218219,-0.0059198940020553014,300,D2,primary,ridge,300,0,cluster,diversity,3.8691175292928817,9982,0.5538328494894985,0.0023230442470427715,4.361718613564219,0.5592746501174124,0.0,0.03,ea388e031060bbe3,2026-09-11T10:29:47,6.005681052222267,999,0.07062240561501404,-147.39231340566755,6.025938038630332,0.09059069052081384
6.9346397656936185,999,-0.01052387222320043,-1853.7554956390704,6.936512330872149,-0.01924270931664709,300,D2,primary,ridge,300,1,cluster,diversity,3.8723713367001085,9982,0.532337825645402,-0.004598149776221527,4.37682176145706,0.5387936142930044,0.0,0.03,ea388e031060bbe3,2026-09-11T10:29:49,5.896080048592599,999,0.06325785775228115,-142.0640780610151,5.9167641664927695,0.09501553341028267
6.989626042597048,999,0.03862284360936044,-1883.3092576686067,6.991557283456511,0.03140695232573512,300,D2,primary,ridge,300,2,cluster,diversity,3.8478640487618736,9982,0.5450207218976141,0.003555012835185667,4.359024775560989,0.5535573269953769,0.0,0.03,ea388e031060bbe3,2026-09-11T10:29:50,5.753378475750531,999,0.04917357861194371,-135.27348998254078,5.774636455297309,0.07048328531226587
6.737254580100616,999,0.038768783286548515,-1752.155952690112,6.743853148432471,0.03219067564558546,1000,D2,primary,ridge,1000,0,cluster,diversity,3.6425022272446475,9982,0.6616071178460059,0.1002980373940553,4.1420182493306745,0.6731590566134678,0.0,0.07,ea388e031060bbe3,2026-09-11T10:29:55,5.206710866025022,999,0.06884182335536856,-111.29942189269241,5.242129184772677,0.09307276414691243
5.653915831157276,999,0.07983937945386102,-1272.2897263481466,5.74726796969338,0.06785047572622721,1000,D2,primary,ridge,1000,1,cluster,diversity,3.094375034858029,9982,0.6474855765509802,0.3146118638122406,3.6151886549520023,0.6567207324890041,0.0,0.09,ea388e031060bbe3,2026-09-11T10:30:00,3.810385557504984,999,0.10955695609224936,-67.61937275159919,4.097720486095349,0.12233760012517525
5.304338220958118,999,0.02847816874330081,-1127.2466937197855,5.410032375959024,0.025732413776501945,1000,D2,primary,ridge,1000,2,cluster,diversity,3.0345410252950207,9982,0.6606846464577955,0.3493886143578333,3.522276973763695,0.6720246873411762,0.0,0.11,ea388e031060bbe3,2026-09-11T10:30:04,3.930638833088918,999,0.11243840140572636,-72.72719611396654,4.247494428863831,0.14050397491680056
5.275983512222588,999,0.017498631120277525,-1104.2622582398453,5.354642732008867,0.022510787340446654,3000,D2,primary,ridge,3000,0,cluster,diversity,2.923988099459822,9982,0.7278760911003062,0.3899345625219862,3.4107578293811773,0.7453260209156747,0.0,0.16,ea388e031060bbe3,2026-09-11T10:30:17,3.56764104201629,999,0.0974416037340669,-60.665216249075975,3.884535443761128,0.12417363255038603
5.142899536752367,999,0.05152805210093511,-1051.983167736375,5.226470986024728,0.05480951091371932,3000,D2,primary,ridge,3000,1,cluster,diversity,2.882776553001224,9982,0.7345898569045974,0.4080267953737138,3.3598021109078977,0.7532404421533134,0.0,0.13,ea388e031060bbe3,2026-09-11T10:30:31,3.5399226101788432,999,0.11968713951717831,-60.01369500914067,3.863960004563701,0.14367544699007623
5.147920165214692,999,0.09970623443316971,-1054.1323332457896,5.231801947565154,0.09354142519272778,3000,D2,primary,ridge,3000,2,cluster,diversity,2.8907695273625973,9982,0.7368805975621618,0.4053302032022664,3.3674458030116505,0.7541216618434428,0.0,0.11,ea388e031060bbe3,2026-09-11T10:30:45,3.5780734629244417,999,0.09768983707484852,-61.048502580687256,3.896589102272361,0.1299748927283997
6.092507147216224,999,0.04148255293302348,-1461.590969347869,6.159695918192781,0.04624608991630736,100,D2,primary,ridge,100,0,cluster,hybrid,3.5220217768664925,9982,0.4384836603869961,0.1535176286083637,4.0176456787137,0.43863468968680064,0.1,0.04,ea388e031060bbe3,2026-09-11T10:30:45,5.199698839101705,999,-0.01335579047751737,-115.46411918477845,5.338448190548388,-0.004819573080094122
7.120187576229985,999,0.03436877111221842,-1959.2412117803797,7.131035313349827,0.027316302274218104,100,D2,primary,ridge,100,1,cluster,hybrid,3.762648035770092,9982,0.3691559357405606,0.028611660280141615,4.303869725248285,0.36638260312954085,0.1,0.03,ea388e031060bbe3,2026-09-11T10:30:45,5.259092179146615,999,0.044107815454013946,-113.53364603234819,5.294019078894517,0.05894841936124501
6.993287601151146,999,-0.019243993823120985,-1886.7499421577618,6.997937544917054,-0.025648570491278565,100,D2,primary,ridge,100,2,cluster,hybrid,3.786009658472114,9982,0.4464499534645219,0.02885595286867282,4.303328505251575,0.44653646996312296,0.0,0.04,ea388e031060bbe3,2026-09-11T10:30:45,5.503070668057278,999,-0.011255187704626421,-123.99740257550843,5.530564393839922,0.009613750022567657
7.536146389352189,999,0.02507824006940834,-2189.288019150287,7.537866527422711,0.019331709974376617,300,D2,primary,ridge,300,0,cluster,hybrid,3.880107307823405,9982,0.5342319389818843,-0.04464616155710899,4.463209579225849,0.5446941915790173,0.0,0.05,ea388e031060bbe3,2026-09-11T10:30:46,5.288975617310426,999,0.021581764799569997,-114.31505869478794,5.3120477619038144,0.052963147422646434
5.907134310619251,999,0.003951926619741624,-1405.3891110954526,6.040189680032934,0.0049012860555946725,300,D2,primary,ridge,300,1,cluster,hybrid,3.301017428645866,9982,0.5128288375305348,0.2272158591737543,3.838767192624891,0.5169869810502554,0.0,0.07,ea388e031060bbe3,2026-09-11T10:30:46,4.287477220739569,999,0.06482175547709809,-84.22459899138839,4.566689061855714,0.06874403461577809
7.667113176337233,999,0.001431192415277737,-2270.8636203992314,7.6769543468382615,-0.00031534540552576615,300,D2,primary,ridge,300,2,cluster,hybrid,3.698366873764939,9982,0.5391901146439186,0.0027350800510937967,4.360817836102603,0.5508459761272008,0.0,0.04,ea388e031060bbe3,2026-09-11T10:30:46,4.228861793502793,999,0.016052316015513633,-74.41375097201028,4.295801746982074,0.040732756804901085
5.906714577455301,999,0.048197794775954435,-1385.4091039297011,5.997130924824339,0.04733679972557728,1000,D2,primary,ridge,1000,0,cluster,hybrid,3.1181335806416692,9982,0.6325146455161383,0.2884596621207465,3.6835149508606833,0.6442249470710676,0.0,0.08,ea388e031060bbe3,2026-09-11T10:30:47,3.5300904589968995,999,0.05244860654407445,-60.03786525226982,3.864725272142575,0.08270872074479287
6.461445252935927,999,0.03883846073181273,-1624.5296752398456,6.493745747487139,0.021691888346337986,1000,D2,primary,ridge,1000,1,cluster,hybrid,3.362602004389131,9982,0.6579137323369417,0.20673899484860025,3.8892935828780413,0.6722153844632116,0.0,0.09,ea388e031060bbe3,2026-09-11T10:30:48,4.29513571092913,999,0.081739405781394,-78.43249656817285,4.408776319794496,0.10515854531886593
6.306677065215431,999,-0.00582070889474629,-1569.5349520234981,6.382952791156383,0.003965600871412494,1000,D2,primary,ridge,1000,2,cluster,hybrid,3.165356447918337,9982,0.6418613934467874,0.24887595376638205,3.7845871188424103,0.6523922022726109,0.0,0.09,ea388e031060bbe3,2026-09-11T10:30:49,3.3114996505332543,999,0.06665395435531368,-53.10952399301987,3.638780140139446,0.08461482725210177
4.700365793120277,999,0.07074757821993562,-920.9905797757987,4.89058792514363,0.06702463184627512,3000,D2,primary,ridge,3000,0,cluster,hybrid,2.738694467075935,9982,0.7038669103058959,0.4365097941138425,3.277976683305048,0.7186808747376364,0.0,0.15,ea388e031060bbe3,2026-09-11T10:30:57,2.8942310745651656,999,0.12319540570913286,-46.52620324407031,3.4102445181993364,0.14970811292254177
5.498571930108247,999,0.08003408295221412,-1195.930309846284,5.572271412343323,0.08644350562987836,3000,D2,primary,ridge,3000,1,cluster,hybrid,2.951776903238356,9982,0.7255256629589744,0.3721350964075065,3.4601567856153737,0.7428278062591146,0.0,0.1,ea388e031060bbe3,2026-09-11T10:31:06,3.4468024786528164,999,0.10252331518447676,-56.61583002209694,3.754826466655616,0.13130313479812475
5.850967704712808,999,0.04470726425032686,-1345.894513508524,5.911049841318402,0.03624540372035361,3000,D2,primary,ridge,3000,2,cluster,hybrid,3.000711535325487,9982,0.7172658253224047,0.33883980123187385,3.5507167173383882,0.7351743460883353,0.0,0.1,ea388e031060bbe3,2026-09-11T10:31:14,3.2709545836195693,999,0.0910453607841797,-51.808739656221235,3.594776222099223,0.12841461902784548
